"P-Turn","Parent",00:00:01.000,1.0,00:00:09.210,9.21,00:00:08.210,8.21,"Speech"
"P-Turn","Parent",00:00:09.920,9.92,00:00:26.040,26.04,00:00:16.120,16.12,"Speech"
"P-Turn","Parent",00:00:26.720,26.72,00:00:33.735,33.735,00:00:07.015,7.015,"Speech"
"P-Turn","Parent",00:00:35.340,35.34,00:00:36.340,36.34,00:00:01.000,1.0,"Speech"
"P-Turn","Parent",00:00:41.120,41.12,00:00:44.370,44.37,00:00:03.250,3.25,"Speech"
"P-Turn","Parent",00:00:44.940,44.94,00:00:53.155,53.155,00:00:08.215,8.215,"Speech"
"P-Turn","Parent",00:00:54.640,54.64,00:00:56.300,56.3,00:00:01.660,1.66,"Speech"
"P-Turn","Parent",00:00:58.360,58.36,00:01:05.160,65.16,00:00:06.800,6.8,"Speech"
"P-Turn","Parent",00:01:05.940,65.94,00:01:09.115,69.115,00:00:03.175,3.175,"Speech"
"P-Turn","Parent",00:01:09.820,69.82,00:01:13.280,73.28,00:00:03.460,3.46,"Speech"
"P-Turn","Parent",00:01:14.140,74.14,00:01:19.210,79.21,00:00:05.070,5.07,"Speech"
"P-Turn","Parent",00:01:23.700,83.7,00:01:25.380,85.38,00:00:01.680,1.68,"Speech"
"P-Turn","Parent",00:01:29.540,89.54,00:01:41.020,101.02,00:00:11.480,11.48,"Speech"
"P-Turn","Parent",00:01:41.620,101.62,00:01:44.240,104.24,00:00:02.620,2.62,"Speech"
"P-Turn","Parent",00:01:49.180,109.18,00:01:49.575,109.575,00:00:00.395,0.395,"Speech"
"P-Turn","Parent",00:01:51.540,111.54,00:01:54.115,114.115,00:00:02.575,2.575,"Speech"
"P-Turn","Parent",00:02:06.940,126.94,00:02:09.955,129.955,00:00:03.015,3.015,"Speech"
"P-Turn","Parent",00:02:12.060,132.06,00:02:13.625,133.625,00:00:01.565,1.565,"Speech"
"P-Turn","Parent",00:02:15.200,135.2,00:02:16.265,136.265,00:00:01.065,1.065,"Speech"
"P-Turn","Parent",00:02:17.000,137.0,00:02:19.460,139.46,00:00:02.460,2.46,"Speech"
"P-Turn","Parent",00:02:23.600,143.6,00:02:24.655,144.655,00:00:01.055,1.055,"Speech"
"P-Turn","Parent",00:02:26.880,146.88,00:02:31.750,151.75,00:00:04.870,4.87,"Speech"
"P-Turn","Parent",00:02:34.500,154.5,00:02:35.710,155.71,00:00:01.210,1.21,"Speech"
"P-Turn","Parent",00:02:37.340,157.34,00:02:38.386,158.386,00:00:01.046,1.046,"Speech"
"P-Turn","Parent",00:02:39.326,159.326,00:02:40.290,160.29,00:00:00.964,0.964,"Speech"
"P-Turn","Parent",00:02:41.260,161.26,00:02:50.865,170.865,00:00:09.605,9.605,"Speech"
"P-Turn","Parent",00:02:53.060,173.06,00:02:53.790,173.79,00:00:00.730,0.73,"Speech"
"P-Turn","Parent",00:02:59.880,179.88,00:03:03.175,183.175,00:00:03.295,3.295,"Speech"
"P-Turn","Parent",00:03:07.140,187.14,00:03:08.350,188.35,00:00:01.210,1.21,"Speech"
"P-Turn","Parent",00:03:21.520,201.52,00:03:23.200,203.2,00:00:01.680,1.68,"Speech"
"P-Turn","Parent",00:03:25.860,205.86,00:03:28.635,208.635,00:00:02.775,2.775,"Speech"
"P-Turn","Parent",00:03:33.220,213.22,00:03:35.360,215.36,00:00:02.140,2.14,"Speech"
"P-Turn","Parent",00:03:36.220,216.22,00:03:37.875,217.875,00:00:01.655,1.655,"Speech"
"P-Turn","Parent",00:03:38.880,218.88,00:03:44.150,224.15,00:00:05.270,5.27,"Speech"
"P-Turn","Parent",00:03:49.160,229.16,00:03:50.385,230.385,00:00:01.225,1.225,"Speech"
"P-Turn","Parent",00:03:54.260,234.26,00:03:57.900,237.9,00:00:03.640,3.64,"Speech"
"P-Turn","Parent",00:04:03.800,243.8,00:04:06.465,246.465,00:00:02.665,2.665,"Speech"
"P-Turn","Parent",00:04:08.780,248.78,00:04:09.243,249.243,00:00:00.463,0.463,"Speech"
"P-Turn","Parent",00:04:10.220,250.22,00:04:13.950,253.95,00:00:03.730,3.73,"Speech"
"P-Turn","Parent",00:04:14.600,254.6,00:04:15.795,255.795,00:00:01.195,1.195,"Speech"
"P-Turn","Parent",00:04:17.000,257.0,00:04:18.010,258.01,00:00:01.010,1.01,"Speech"
"P-Turn","Parent",00:04:22.720,262.72,00:04:25.560,265.56,00:00:02.840,2.84,"Speech"
"P-Turn","Parent",00:04:29.515,269.515,00:04:31.725,271.725,00:00:02.210,2.21,"Speech"
"P-Turn","Parent",00:04:37.380,277.38,00:04:39.885,279.885,00:00:02.505,2.505,"Speech"
"P-Turn","Parent",00:04:44.904,284.904,00:04:45.914,285.914,00:00:01.010,1.01,"Speech"
"P-Turn","Parent",00:04:48.220,288.22,00:04:48.990,288.99,00:00:00.770,0.77,"Speech"
"P-Turn","Parent",00:04:59.840,299.84,00:05:02.995,302.995,00:00:03.155,3.155,"Speech"
"P-Turn","Parent",00:05:05.520,305.52,00:05:06.570,306.57,00:00:01.050,1.05,"Speech"
"P-Turn","Parent",00:05:10.240,310.24,00:05:10.755,310.755,00:00:00.515,0.515,"Speech"
"P-Turn","Parent",00:05:12.860,312.86,00:05:14.735,314.735,00:00:01.875,1.875,"Speech"
"P-Turn","Parent",00:05:18.200,318.2,00:05:19.820,319.82,00:00:01.620,1.62,"Speech"
"P-Turn","Parent",00:05:21.820,321.82,00:05:22.320,322.32,00:00:00.500,0.5,"Speech"
"P-Turn","Parent",00:05:27.540,327.54,00:05:31.825,331.825,00:00:04.285,4.285,"Speech"
"P-Turn","Parent",00:05:35.120,335.12,00:05:35.980,335.98,00:00:00.860,0.86,"Speech"
"P-Turn","Parent",00:05:38.920,338.92,00:05:42.855,342.855,00:00:03.935,3.935,"Speech"
"P-Turn","Parent",00:05:54.000,354.0,00:05:54.590,354.59,00:00:00.590,0.59,"Speech"
"P-Turn","Parent",00:06:00.980,360.98,00:06:03.155,363.155,00:00:02.175,2.175,"Speech"
"P-Turn","Parent",00:06:08.599,368.599,00:06:13.589,373.589,00:00:04.990,4.99,"Speech"
"P-Turn","Parent",00:06:15.020,375.02,00:06:15.465,375.465,00:00:00.445,0.445,"Speech"
"P-Turn","Parent",00:06:16.520,376.52,00:06:19.310,379.31,00:00:02.790,2.79,"Speech"
"P-Turn","Parent",00:06:21.060,381.06,00:06:22.100,382.1,00:00:01.040,1.04,"Speech"
"P-Turn","Parent",00:06:22.820,382.82,00:06:25.750,385.75,00:00:02.930,2.93,"Speech"
"P-Turn","Parent",00:06:29.680,389.68,00:06:33.705,393.705,00:00:04.025,4.025,"Speech"
"P-Turn","Parent",00:06:39.280,399.28,00:06:40.385,400.385,00:00:01.105,1.105,"Speech"
"P-Turn","Parent",00:06:46.120,406.12,00:06:51.445,411.445,00:00:05.325,5.325,"Speech"
"P-Turn","Parent",00:07:05.340,425.34,00:07:06.110,426.11,00:00:00.770,0.77,"Speech"
"P-Turn","Parent",00:07:11.020,431.02,00:07:11.640,431.64,00:00:00.620,0.62,"Speech"
"P-Turn","Parent",00:07:13.020,433.02,00:07:13.810,433.81,00:00:00.790,0.79,"Speech"
"P-Turn","Parent",00:07:15.540,435.54,00:07:19.805,439.805,00:00:04.265,4.265,"Speech"
"P-Turn","Parent",00:07:29.080,449.08,00:07:33.695,453.695,00:00:04.615,4.615,"Speech"
"P-Turn","Parent",00:07:36.280,456.28,00:07:42.080,462.08,00:00:05.800,5.8,"Speech"
"P-Turn","Parent",00:07:45.240,465.24,00:07:48.075,468.075,00:00:02.835,2.835,"Speech"
"P-Turn","Parent",00:07:50.560,470.56,00:07:53.245,473.245,00:00:02.685,2.685,"Speech"
"P-Turn","Parent",00:07:57.180,477.18,00:07:59.740,479.74,00:00:02.560,2.56,"Speech"
"P-Turn","Parent",00:08:01.760,481.76,00:08:04.275,484.275,00:00:02.515,2.515,"Speech"
"P-Turn","Parent",00:08:07.840,487.84,00:08:09.660,489.66,00:00:01.820,1.82,"Speech"
"P-Turn","Parent",00:08:17.610,497.61,00:08:18.990,498.99,00:00:01.380,1.38,"Speech"
"P-Turn","Parent",00:08:19.620,499.62,00:08:21.300,501.3,00:00:01.680,1.68,"Speech"
"P-Turn","Parent",00:08:22.160,502.16,00:08:24.150,504.15,00:00:01.990,1.99,"Speech"
"P-Turn","Parent",00:08:25.000,505.0,00:08:25.705,505.705,00:00:00.705,0.705,"Speech"
"P-Turn","Parent",00:08:32.480,512.48,00:08:34.000,514.0,00:00:01.520,1.52,"Speech"
"P-Turn","Parent",00:08:36.420,516.42,00:08:37.385,517.385,00:00:00.965,0.965,"Speech"
"P-Turn","Parent",00:08:41.440,521.44,00:08:48.955,528.955,00:00:07.515,7.515,"Speech"
"P-Turn","Parent",00:08:50.800,530.8,00:08:51.880,531.88,00:00:01.080,1.08,"Speech"
"P-Turn","Parent",00:08:54.520,534.52,00:08:57.075,537.075,00:00:02.555,2.555,"Speech"
"P-Turn","Parent",00:09:03.040,543.04,00:09:03.695,543.695,00:00:00.655,0.655,"Speech"
"P-Turn","Parent",00:09:06.240,546.24,00:09:11.315,551.315,00:00:05.075,5.075,"Speech"
"P-Turn","Parent",00:09:18.440,558.44,00:09:19.420,559.42,00:00:00.980,0.98,"Speech"
"P-Turn","Parent",00:09:28.980,568.98,00:09:30.440,570.44,00:00:01.460,1.46,"Speech"
"P-Turn","Parent",00:09:35.740,575.74,00:09:37.190,577.19,00:00:01.450,1.45,"Speech"
"P-Turn","Parent",00:09:37.800,577.8,00:09:38.355,578.355,00:00:00.555,0.555,"Speech"
"P-Turn","Parent",00:09:42.720,582.72,00:09:44.620,584.62,00:00:01.900,1.9,"Speech"
"P-Turn","Parent",00:09:46.100,586.1,00:09:49.400,589.4,00:00:03.300,3.3,"Speech"
"P-Turn","Parent",00:10:01.500,601.5,00:10:02.310,602.31,00:00:00.810,0.81,"Speech"
"P-Turn","Parent",00:10:10.440,610.44,00:10:11.460,611.46,00:00:01.020,1.02,"Speech"
"P-Turn","Parent",00:10:13.420,613.42,00:10:14.420,614.42,00:00:01.000,1.0,"Speech"
"P-Turn","Parent",00:10:24.004,624.004,00:10:27.404,627.404,00:00:03.400,3.4,"Speech"
"P-Turn","Parent",00:10:30.002,630.002,00:10:30.422,630.422,00:00:00.420,0.42,"Speech"
"P-Turn","Parent",00:10:33.430,633.43,00:10:40.125,640.125,00:00:06.695,6.695,"Speech"
"P-Turn","Parent",00:10:45.508,645.508,00:10:47.000,647.0,00:00:01.492,1.492,"Speech"
"P-Turn","Parent",00:10:49.790,649.79,00:10:50.810,650.81,00:00:01.020,1.02,"Speech"
"P-Turn","Parent",00:10:53.410,653.41,00:10:56.559,656.559,00:00:03.149,3.149,"Speech"
"P-Turn","Parent",00:10:59.005,659.005,00:10:59.700,659.7,00:00:00.695,0.695,"Speech"
"P-Turn","Parent",00:11:00.797,660.797,00:11:02.240,662.24,00:00:01.443,1.443,"Speech"
"P-Turn","Parent",00:11:02.994,662.994,00:11:04.044,664.044,00:00:01.050,1.05,"Speech"
"P-Turn","Parent",00:11:06.137,666.137,00:11:09.157,669.157,00:00:03.020,3.02,"Speech"
"P-Turn","Parent",00:11:15.802,675.802,00:11:16.914,676.914,00:00:01.112,1.112,"Speech"
"P-Turn","Parent",00:11:27.207,687.207,00:11:30.139,690.139,00:00:02.932,2.932,"Speech"
"P-Turn","Parent",00:11:30.599,690.599,00:11:34.112,694.112,00:00:03.513,3.513,"Speech"
"P-Turn","Parent",00:11:38.713,698.713,00:11:43.290,703.29,00:00:04.577,4.577,"Speech"
"P-Turn","Parent",00:11:46.536,706.536,00:11:48.276,708.276,00:00:01.740,1.74,"Speech"
"P-Turn","Parent",00:11:49.206,709.206,00:11:50.696,710.696,00:00:01.490,1.49,"Speech"
"P-Turn","Parent",00:11:54.215,714.215,00:11:56.955,716.955,00:00:02.740,2.74,"Speech"
"P-Turn","Parent",00:11:58.196,718.196,00:12:03.602,723.602,00:00:05.406,5.406,"Speech"
"P-Turn","Parent",00:12:08.165,728.165,00:12:08.935,728.935,00:00:00.770,0.77,"Speech"
"P-Turn","Parent",00:12:11.742,731.742,00:12:14.553,734.553,00:00:02.811,2.811,"Speech"
"P-Turn","Parent",00:12:18.747,738.747,00:12:23.701,743.701,00:00:04.954,4.954,"Speech"
"P-Turn","Parent",00:12:25.704,745.704,00:12:29.178,749.178,00:00:03.474,3.474,"Speech"
"P-Turn","Parent",00:12:37.700,757.7,00:12:46.679,766.679,00:00:08.979,8.979,"Speech"
"P-Turn","Parent",00:12:48.899,768.899,00:12:50.449,770.449,00:00:01.550,1.55,"Speech"
"P-Turn","Parent",00:12:51.513,771.513,00:12:52.929,772.929,00:00:01.416,1.416,"Speech"
"P-Turn","Parent",00:12:54.206,774.206,00:12:56.311,776.311,00:00:02.105,2.105,"Speech"
"P-Turn","Parent",00:12:57.307,777.307,00:13:04.509,784.509,00:00:07.202,7.202,"Speech"
"P-Turn","Parent",00:13:05.702,785.702,00:13:07.111,787.111,00:00:01.409,1.409,"Speech"
"P-Turn","Parent",00:13:08.498,788.498,00:13:09.780,789.78,00:00:01.282,1.282,"Speech"
"P-Turn","Parent",00:13:12.180,792.18,00:13:12.870,792.87,00:00:00.690,0.69,"Speech"
"P-Turn","Parent",00:13:14.584,794.584,00:13:16.320,796.32,00:00:01.736,1.736,"Speech"
"P-Turn","Parent",00:13:20.690,800.69,00:13:21.600,801.6,00:00:00.910,0.91,"Speech"
"P-Turn","Parent",00:13:22.855,802.855,00:13:33.224,813.224,00:00:10.369,10.369,"Speech"
"P-Turn","Parent",00:13:45.702,825.702,00:13:46.992,826.992,00:00:01.290,1.29,"Speech"
"P-Turn","Parent",00:13:49.119,829.119,00:13:50.680,830.68,00:00:01.561,1.561,"Speech"
"P-Turn","Parent",00:13:58.770,838.77,00:13:59.680,839.68,00:00:00.910,0.91,"Speech"
"P-Turn","Parent",00:14:02.292,842.292,00:14:04.117,844.117,00:00:01.825,1.825,"Speech"
"P-Turn","Parent",00:14:06.965,846.965,00:14:14.339,854.339,00:00:07.374,7.374,"Speech"
"P-Turn","Parent",00:14:16.607,856.607,00:14:20.200,860.2,00:00:03.593,3.593,"Speech"
"P-Turn","Parent",00:14:34.485,874.485,00:14:40.188,880.188,00:00:05.703,5.703,"Speech"
"P-Turn","Parent",00:14:41.409,881.409,00:14:46.780,886.78,00:00:05.371,5.371,"Speech"
"P-Turn","Parent",00:14:54.107,894.107,00:14:58.297,898.297,00:00:04.190,4.19,"Speech"
"P-Turn","Parent",00:15:03.651,903.651,00:15:04.561,904.561,00:00:00.910,0.91,"Speech"
"P-Turn","Parent",00:15:05.354,905.354,00:15:05.614,905.614,00:00:00.260,0.26,"Speech"
"P-Turn","Parent",00:15:11.408,911.408,00:15:14.000,914.0,00:00:02.592,2.592,"Speech"
"P-Turn","Parent",00:15:14.791,914.791,00:15:16.198,916.198,00:00:01.407,1.407,"Speech"
"P-Turn","Parent",00:15:18.316,918.316,00:15:21.708,921.708,00:00:03.392,3.392,"Speech"
"P-Turn","Parent",00:15:22.609,922.609,00:15:23.559,923.559,00:00:00.950,0.95,"Speech"
"P-Turn","Parent",00:15:24.697,924.697,00:15:28.900,928.9,00:00:04.203,4.203,"Speech"
"P-Turn","Parent",00:15:30.015,930.015,00:15:37.333,937.333,00:00:07.318,7.318,"Speech"
"P-Turn","Parent",00:15:44.173,944.173,00:15:45.793,945.793,00:00:01.620,1.62,"Speech"
"P-Turn","Parent",00:15:55.405,955.405,00:15:56.645,956.645,00:00:01.240,1.24,"Speech"
"P-Turn","Parent",00:15:58.803,958.803,00:16:03.293,963.293,00:00:04.490,4.49,"Speech"
"P-Turn","Parent",00:16:08.494,968.494,00:16:10.960,970.96,00:00:02.466,2.466,"Speech"
"P-Turn","Parent",00:16:13.801,973.801,00:16:16.451,976.451,00:00:02.650,2.65,"Speech"
"P-Turn","Parent",00:16:28.304,988.304,00:16:28.804,988.804,00:00:00.500,0.5,"Speech"
"C-Turn","Child",00:00:00.000,0.0,00:00:01.700,1.7,00:00:01.700,1.7,"Speech"
"C-Turn","Child",00:00:14.420,14.42,00:00:14.730,14.73,00:00:00.310,0.31,"Speech"
"C-Turn","Child",00:00:29.792,29.792,00:00:30.132,30.132,00:00:00.340,0.34,"Speech"
"C-Turn","Child",00:00:37.340,37.34,00:00:40.690,40.69,00:00:03.350,3.35,"Speech"
"C-Turn","Child",00:00:44.180,44.18,00:00:44.500,44.5,00:00:00.320,0.32,"Speech"
"C-Turn","Child",00:00:45.700,45.7,00:00:45.975,45.975,00:00:00.275,0.275,"Speech"
"C-Turn","Child",00:00:53.840,53.84,00:00:54.415,54.415,00:00:00.575,0.575,"Speech"
"C-Turn","Child",00:00:56.980,56.98,00:00:57.610,57.61,00:00:00.630,0.63,"Speech"
"C-Turn","Child",00:01:21.560,81.56,00:01:22.750,82.75,00:00:01.190,1.19,"Speech"
"C-Turn","Child",00:01:27.140,87.14,00:01:28.345,88.345,00:00:01.205,1.205,"Speech"
"C-Turn","Child",00:01:44.020,104.02,00:01:44.455,104.455,00:00:00.435,0.435,"Speech"
"C-Turn","Child",00:01:47.500,107.5,00:01:47.800,107.8,00:00:00.300,0.3,"Speech"
"C-Turn","Child",00:01:50.040,110.04,00:01:50.725,110.725,00:00:00.685,0.685,"Speech"
"C-Turn","Child",00:02:00.800,120.8,00:02:01.830,121.83,00:00:01.030,1.03,"Speech"
"C-Turn","Child",00:02:10.940,130.94,00:02:12.200,132.2,00:00:01.260,1.26,"Speech"
"C-Turn","Child",00:02:19.880,139.88,00:02:20.890,140.89,00:00:01.010,1.01,"Speech"
"C-Turn","Child",00:02:33.160,153.16,00:02:34.360,154.36,00:00:01.200,1.2,"Speech"
"C-Turn","Child",00:02:36.520,156.52,00:02:37.080,157.08,00:00:00.560,0.56,"Speech"
"C-Turn","Child",00:02:52.460,172.46,00:02:53.510,173.51,00:00:01.050,1.05,"Speech"
"C-Turn","Child",00:02:57.160,177.16,00:02:57.920,177.92,00:00:00.760,0.76,"Speech"
"C-Turn","Child",00:03:05.140,185.14,00:03:06.815,186.815,00:00:01.675,1.675,"Speech"
"C-Turn","Child",00:03:11.440,191.44,00:03:13.990,193.99,00:00:02.550,2.55,"Speech"
"C-Turn","Child",00:03:15.000,195.0,00:03:18.615,198.615,00:00:03.615,3.615,"Speech"
"C-Turn","Child",00:03:23.800,203.8,00:03:24.575,204.575,00:00:00.775,0.775,"Speech"
"C-Turn","Child",00:03:30.360,210.36,00:03:32.015,212.015,00:00:01.655,1.655,"Speech"
"C-Turn","Child",00:03:33.380,213.38,00:03:33.910,213.91,00:00:00.530,0.53,"Speech"
"C-Turn","Child",00:03:36.040,216.04,00:03:37.890,217.89,00:00:01.850,1.85,"Speech"
"C-Turn","Child",00:03:46.105,226.105,00:03:48.365,228.365,00:00:02.260,2.26,"Speech"
"C-Turn","Child",00:03:51.340,231.34,00:03:53.820,233.82,00:00:02.480,2.48,"Speech"
"C-Turn","Child",00:03:59.580,239.58,00:04:03.240,243.24,00:00:03.660,3.66,"Speech"
"C-Turn","Child",00:04:07.000,247.0,00:04:08.420,248.42,00:00:01.420,1.42,"Speech"
"C-Turn","Child",00:04:26.720,266.72,00:04:28.740,268.74,00:00:02.020,2.02,"Speech"
"C-Turn","Child",00:04:33.380,273.38,00:04:37.270,277.27,00:00:03.890,3.89,"Speech"
"C-Turn","Child",00:04:41.740,281.74,00:04:44.790,284.79,00:00:03.050,3.05,"Speech"
"C-Turn","Child",00:04:46.980,286.98,00:04:47.805,287.805,00:00:00.825,0.825,"Speech"
"C-Turn","Child",00:04:48.520,288.52,00:04:49.440,289.44,00:00:00.920,0.92,"Speech"
"C-Turn","Child",00:04:51.680,291.68,00:04:54.110,294.11,00:00:02.430,2.43,"Speech"
"C-Turn","Child",00:04:57.900,297.9,00:04:58.535,298.535,00:00:00.635,0.635,"Speech"
"C-Turn","Child",00:05:04.060,304.06,00:05:04.975,304.975,00:00:00.915,0.915,"Speech"
"C-Turn","Child",00:05:08.540,308.54,00:05:09.435,309.435,00:00:00.895,0.895,"Speech"
"C-Turn","Child",00:05:11.380,311.38,00:05:12.280,312.28,00:00:00.900,0.9,"Speech"
"C-Turn","Child",00:05:20.780,320.78,00:05:21.415,321.415,00:00:00.635,0.635,"Speech"
"C-Turn","Child",00:05:25.900,325.9,00:05:26.570,326.57,00:00:00.670,0.67,"Speech"
"C-Turn","Child",00:05:27.980,327.98,00:05:28.355,328.355,00:00:00.375,0.375,"Speech"
"C-Turn","Child",00:05:35.660,335.66,00:05:36.195,336.195,00:00:00.535,0.535,"Speech"
"C-Turn","Child",00:05:37.620,337.62,00:05:38.200,338.2,00:00:00.580,0.58,"Speech"
"C-Turn","Child",00:05:40.380,340.38,00:05:41.505,341.505,00:00:01.125,1.125,"Speech"
"C-Turn","Child",00:05:44.320,344.32,00:05:45.455,345.455,00:00:01.135,1.135,"Speech"
"C-Turn","Child",00:05:48.540,348.54,00:05:50.000,350.0,00:00:01.460,1.46,"Speech"
"C-Turn","Child",00:06:01.700,361.7,00:06:02.005,362.005,00:00:00.305,0.305,"Speech"
"C-Turn","Child",00:06:06.800,366.8,00:06:08.045,368.045,00:00:01.245,1.245,"Speech"
"C-Turn","Child",00:06:13.180,373.18,00:06:13.530,373.53,00:00:00.350,0.35,"Speech"
"C-Turn","Child",00:06:14.860,374.86,00:06:15.470,375.47,00:00:00.610,0.61,"Speech"
"C-Turn","Child",00:06:16.620,376.62,00:06:17.250,377.25,00:00:00.630,0.63,"Speech"
"C-Turn","Child",00:06:18.500,378.5,00:06:19.010,379.01,00:00:00.510,0.51,"Speech"
"C-Turn","Child",00:06:23.540,383.54,00:06:24.345,384.345,00:00:00.805,0.805,"Speech"
"C-Turn","Child",00:06:26.960,386.96,00:06:27.990,387.99,00:00:01.030,1.03,"Speech"
"C-Turn","Child",00:06:36.320,396.32,00:06:39.260,399.26,00:00:02.940,2.94,"Speech"
"C-Turn","Child",00:06:42.180,402.18,00:06:43.160,403.16,00:00:00.980,0.98,"Speech"
"C-Turn","Child",00:06:53.760,413.76,00:07:00.905,420.905,00:00:07.145,7.145,"Speech"
"C-Turn","Child",00:07:07.020,427.02,00:07:07.880,427.88,00:00:00.860,0.86,"Speech"
"C-Turn","Child",00:07:14.880,434.88,00:07:15.700,435.7,00:00:00.820,0.82,"Speech"
"C-Turn","Child",00:07:21.020,441.02,00:07:21.635,441.635,00:00:00.615,0.615,"Speech"
"C-Turn","Child",00:07:22.320,442.32,00:07:23.620,443.62,00:00:01.300,1.3,"Speech"
"C-Turn","Child",00:07:24.240,444.24,00:07:27.335,447.335,00:00:03.095,3.095,"Speech"
"C-Turn","Child",00:07:29.160,449.16,00:07:30.175,450.175,00:00:01.015,1.015,"Speech"
"C-Turn","Child",00:07:34.660,454.66,00:07:35.610,455.61,00:00:00.950,0.95,"Speech"
"C-Turn","Child",00:07:43.580,463.58,00:07:44.770,464.77,00:00:01.190,1.19,"Speech"
"C-Turn","Child",00:07:49.360,469.36,00:07:50.095,470.095,00:00:00.735,0.735,"Speech"
"C-Turn","Child",00:07:54.860,474.86,00:07:55.605,475.605,00:00:00.745,0.745,"Speech"
"C-Turn","Child",00:07:56.500,476.5,00:07:57.495,477.495,00:00:00.995,0.995,"Speech"
"C-Turn","Child",00:08:00.300,480.3,00:08:00.835,480.835,00:00:00.535,0.535,"Speech"
"C-Turn","Child",00:08:05.680,485.68,00:08:06.775,486.775,00:00:01.095,1.095,"Speech"
"C-Turn","Child",00:08:08.560,488.56,00:08:11.320,491.32,00:00:02.760,2.76,"Speech"
"C-Turn","Child",00:08:12.740,492.74,00:08:13.085,493.085,00:00:00.345,0.345,"Speech"
"C-Turn","Child",00:08:22.480,502.48,00:08:22.725,502.725,00:00:00.245,0.245,"Speech"
"C-Turn","Child",00:08:30.420,510.42,00:08:31.140,511.14,00:00:00.720,0.72,"Speech"
"C-Turn","Child",00:08:32.280,512.28,00:08:33.190,513.19,00:00:00.910,0.91,"Speech"
"C-Turn","Child",00:08:36.720,516.72,00:08:37.610,517.61,00:00:00.890,0.89,"Speech"
"C-Turn","Child",00:08:50.580,530.58,00:08:51.185,531.185,00:00:00.605,0.605,"Speech"
"C-Turn","Child",00:09:01.040,541.04,00:09:03.880,543.88,00:00:02.840,2.84,"Speech"
"C-Turn","Child",00:09:13.340,553.34,00:09:15.630,555.63,00:00:02.290,2.29,"Speech"
"C-Turn","Child",00:09:17.940,557.94,00:09:23.745,563.745,00:00:05.805,5.805,"Speech"
"C-Turn","Child",00:09:25.680,565.68,00:09:26.360,566.36,00:00:00.680,0.68,"Speech"
"C-Turn","Child",00:09:33.720,573.72,00:09:34.555,574.555,00:00:00.835,0.835,"Speech"
"C-Turn","Child",00:09:39.580,579.58,00:09:40.790,580.79,00:00:01.210,1.21,"Speech"
"C-Turn","Child",00:09:51.510,591.51,00:09:54.060,594.06,00:00:02.550,2.55,"Speech"
"C-Turn","Child",00:10:01.580,601.58,00:10:02.760,602.76,00:00:01.180,1.18,"Speech"
"C-Turn","Child",00:10:11.720,611.72,00:10:14.185,614.185,00:00:02.465,2.465,"Speech"
"C-Turn","Child",00:10:29.040,629.04,00:10:31.935,631.935,00:00:02.895,2.895,"Speech"
"C-Turn","Child",00:10:42.000,642.0,00:10:44.585,644.585,00:00:02.585,2.585,"Speech"
"C-Turn","Child",00:10:47.720,647.72,00:10:48.550,648.55,00:00:00.830,0.83,"Speech"
"C-Turn","Child",00:10:57.060,657.06,00:10:57.790,657.79,00:00:00.730,0.73,"Speech"
"C-Turn","Child",00:10:59.100,659.1,00:11:00.000,660.0,00:00:00.900,0.9,"Speech"
"C-Turn","Child",00:11:06.160,666.16,00:11:06.840,666.84,00:00:00.680,0.68,"Speech"
"C-Turn","Child",00:11:10.940,670.94,00:11:14.910,674.91,00:00:03.970,3.97,"Speech"
"C-Turn","Child",00:11:19.402,679.402,00:11:24.502,684.502,00:00:05.100,5.1,"Speech"
"C-Turn","Child",00:11:30.660,690.66,00:11:31.385,691.385,00:00:00.725,0.725,"Speech"
"C-Turn","Child",00:11:35.880,695.88,00:11:36.555,696.555,00:00:00.675,0.675,"Speech"
"C-Turn","Child",00:11:44.080,704.08,00:11:45.245,705.245,00:00:01.165,1.165,"Speech"
"C-Turn","Child",00:11:51.300,711.3,00:11:53.420,713.42,00:00:02.120,2.12,"Speech"
"C-Turn","Child",00:12:05.720,725.72,00:12:07.040,727.04,00:00:01.320,1.32,"Speech"
"C-Turn","Child",00:12:11.800,731.8,00:12:12.475,732.475,00:00:00.675,0.675,"Speech"
"C-Turn","Child",00:12:15.320,735.32,00:12:17.905,737.905,00:00:02.585,2.585,"Speech"
"C-Turn","Child",00:12:32.000,752.0,00:12:32.695,752.695,00:00:00.695,0.695,"Speech"
"C-Turn","Child",00:12:34.140,754.14,00:12:35.295,755.295,00:00:01.155,1.155,"Speech"
"C-Turn","Child",00:12:47.690,767.69,00:12:49.110,769.11,00:00:01.420,1.42,"Speech"
"C-Turn","Child",00:12:50.840,770.84,00:12:51.310,771.31,00:00:00.470,0.47,"Speech"
"C-Turn","Child",00:13:05.940,785.94,00:13:07.645,787.645,00:00:01.705,1.705,"Speech"
"C-Turn","Child",00:13:10.780,790.78,00:13:11.740,791.74,00:00:00.960,0.96,"Speech"
"C-Turn","Child",00:13:17.008,797.008,00:13:20.498,800.498,00:00:03.490,3.49,"Speech"
"C-Turn","Child",00:13:41.480,821.48,00:13:44.995,824.995,00:00:03.515,3.515,"Speech"
"C-Turn","Child",00:13:47.320,827.32,00:13:47.660,827.66,00:00:00.340,0.34,"Speech"
"C-Turn","Child",00:13:52.600,832.6,00:13:54.230,834.23,00:00:01.630,1.63,"Speech"
"C-Turn","Child",00:13:55.340,835.34,00:13:56.130,836.13,00:00:00.790,0.79,"Speech"
"C-Turn","Child",00:13:57.140,837.14,00:13:57.460,837.46,00:00:00.320,0.32,"Speech"
"C-Turn","Child",00:13:59.900,839.9,00:14:01.115,841.115,00:00:01.215,1.215,"Speech"
"C-Turn","Child",00:14:04.640,844.64,00:14:04.970,844.97,00:00:00.330,0.33,"Speech"
"C-Turn","Child",00:14:15.600,855.6,00:14:16.335,856.335,00:00:00.735,0.735,"Speech"
"C-Turn","Child",00:14:22.540,862.54,00:14:23.785,863.785,00:00:01.245,1.245,"Speech"
"C-Turn","Child",00:14:28.180,868.18,00:14:31.405,871.405,00:00:03.225,3.225,"Speech"
"C-Turn","Child",00:14:51.560,891.56,00:14:52.440,892.44,00:00:00.880,0.88,"Speech"
"C-Turn","Child",00:15:02.609,902.609,00:15:04.219,904.219,00:00:01.610,1.61,"Speech"
"C-Turn","Child",00:15:05.080,905.08,00:15:06.270,906.27,00:00:01.190,1.19,"Speech"
"C-Turn","Child",00:15:07.218,907.218,00:15:10.258,910.258,00:00:03.040,3.04,"Speech"
"C-Turn","Child",00:15:30.600,930.6,00:15:30.955,930.955,00:00:00.355,0.355,"Speech"
"C-Turn","Child",00:15:40.100,940.1,00:15:43.690,943.69,00:00:03.590,3.59,"Speech"
"C-Turn","Child",00:15:48.240,948.24,00:15:50.100,950.1,00:00:01.860,1.86,"Speech"
"C-Turn","Child",00:15:52.620,952.62,00:15:53.655,953.655,00:00:01.035,1.035,"Speech"
"C-Turn","Child",00:15:57.480,957.48,00:15:58.290,958.29,00:00:00.810,0.81,"Speech"
"C-Turn","Child",00:16:00.260,960.26,00:16:00.700,960.7,00:00:00.440,0.44,"Speech"
"C-Turn","Child",00:16:04.520,964.52,00:16:08.235,968.235,00:00:03.715,3.715,"Speech"
"C-Turn","Child",00:16:11.360,971.36,00:16:12.345,972.345,00:00:00.985,0.985,"Speech"
"C-Turn","Child",00:16:17.040,977.04,00:16:17.435,977.435,00:00:00.395,0.395,"Speech"
"C-Turn","Child",00:16:18.520,978.52,00:16:23.390,983.39,00:00:04.870,4.87,"Speech"
"C-Turn","Child",00:16:24.720,984.72,00:16:26.600,986.6,00:00:01.880,1.88,"Speech"
"P-Gaze","Parent",00:00:01.310,1.31,00:00:01.970,1.97,00:00:00.660,0.66,"LS","looking at the screen"
"P-Gaze","Parent",00:00:03.100,3.1,00:00:03.640,3.64,00:00:00.540,0.54,"LS","looking at the screen"
"P-Gaze","Parent",00:00:07.290,7.29,00:00:34.900,34.9,00:00:27.610,27.61,"LS","looking at the screen"
"P-Gaze","Parent",00:00:35.480,35.48,00:00:38.710,38.71,00:00:03.230,3.23,"LS","looking at the screen"
"P-Gaze","Parent",00:00:40.002,40.002,00:00:56.809,56.809,00:00:16.807,16.807,"LS","looking at the screen"
"P-Gaze","Parent",00:01:01.481,61.481,00:02:09.416,129.416,00:01:07.935,67.935,"LS","looking at the screen"
"P-Gaze","Parent",00:02:12.500,132.5,00:02:19.110,139.11,00:00:06.610,6.61,"LS","looking at the screen"
"P-Gaze","Parent",00:02:20.096,140.096,00:02:24.619,144.619,00:00:04.523,4.523,"LS","looking at the screen"
"P-Gaze","Parent",00:02:27.825,147.825,00:02:38.092,158.092,00:00:10.267,10.267,"LS","looking at the screen"
"P-Gaze","Parent",00:02:38.693,158.693,00:02:39.985,159.985,00:00:01.292,1.292,"LS","looking at the screen"
"P-Gaze","Parent",00:02:41.265,161.265,00:03:04.075,184.075,00:00:22.810,22.81,"LS","looking at the screen"
"P-Gaze","Parent",00:03:05.290,185.29,00:03:18.789,198.789,00:00:13.499,13.499,"LS","looking at the screen"
"P-Gaze","Parent",00:03:22.405,202.405,00:03:38.390,218.39,00:00:15.985,15.985,"LS","looking at the screen"
"P-Gaze","Parent",00:03:41.690,221.69,00:04:02.600,242.6,00:00:20.910,20.91,"LS","looking at the screen"
"P-Gaze","Parent",00:04:05.490,245.49,00:04:08.293,248.293,00:00:02.803,2.803,"LS","looking at the screen"
"P-Gaze","Parent",00:04:09.394,249.394,00:04:10.284,250.284,00:00:00.890,0.89,"LS","looking at the screen"
"P-Gaze","Parent",00:04:18.485,258.485,00:04:35.996,275.996,00:00:17.511,17.511,"LS","looking at the screen"
"P-Gaze","Parent",00:04:47.098,287.098,00:05:01.546,301.546,00:00:14.448,14.448,"LS","looking at the screen"
"P-Gaze","Parent",00:05:03.281,303.281,00:05:34.500,334.5,00:00:31.219,31.219,"LS","looking at the screen"
"P-Gaze","Parent",00:05:35.182,335.182,00:05:41.658,341.658,00:00:06.476,6.476,"LS","looking at the screen"
"P-Gaze","Parent",00:05:42.901,342.901,00:05:55.254,355.254,00:00:12.353,12.353,"LS","looking at the screen"
"P-Gaze","Parent",00:05:55.916,355.916,00:06:43.484,403.484,00:00:47.568,47.568,"LS","looking at the screen"
"P-Gaze","Parent",00:06:50.700,410.7,00:07:40.311,460.311,00:00:49.611,49.611,"LS","looking at the screen"
"P-Gaze","Parent",00:07:42.498,462.498,00:08:08.503,488.503,00:00:26.005,26.005,"LS","looking at the screen"
"P-Gaze","Parent",00:08:10.910,490.91,00:08:49.195,529.195,00:00:38.285,38.285,"LS","looking at the screen"
"P-Gaze","Parent",00:08:53.900,533.9,00:09:36.098,576.098,00:00:42.198,42.198,"LS","looking at the screen"
"P-Gaze","Parent",00:09:38.218,578.218,00:09:39.997,579.997,00:00:01.779,1.779,"LS","looking at the screen"
"P-Gaze","Parent",00:09:42.199,582.199,00:09:46.494,586.494,00:00:04.295,4.295,"LS","looking at the screen"
"P-Gaze","Parent",00:09:48.321,588.321,00:09:54.191,594.191,00:00:05.870,5.87,"LS","looking at the screen"
"P-Gaze","Parent",00:09:54.811,594.811,00:10:22.523,622.523,00:00:27.712,27.712,"LS","looking at the screen"
"P-Gaze","Parent",00:10:27.120,627.12,00:10:29.800,629.8,00:00:02.680,2.68,"LS","looking at the screen"
"P-Gaze","Parent",00:10:30.045,630.045,00:10:49.600,649.6,00:00:19.555,19.555,"LS","looking at the screen"
"P-Gaze","Parent",00:10:50.912,650.912,00:11:09.251,669.251,00:00:18.339,18.339,"LS","looking at the screen"
"P-Gaze","Parent",00:11:10.492,670.492,00:11:16.629,676.629,00:00:06.137,6.137,"LS","looking at the screen"
"P-Gaze","Parent",00:11:17.711,677.711,00:11:28.448,688.448,00:00:10.737,10.737,"LS","looking at the screen"
"P-Gaze","Parent",00:11:30.921,690.921,00:11:44.336,704.336,00:00:13.415,13.415,"LS","looking at the screen"
"P-Gaze","Parent",00:11:44.966,704.966,00:11:45.396,705.396,00:00:00.430,0.43,"LS","looking at the screen"
"P-Gaze","Parent",00:11:46.243,706.243,00:11:53.392,713.392,00:00:07.149,7.149,"LS","looking at the screen"
"P-Gaze","Parent",00:11:54.192,714.192,00:12:09.291,729.291,00:00:15.099,15.099,"LS","looking at the screen"
"P-Gaze","Parent",00:12:12.207,732.207,00:12:21.632,741.632,00:00:09.425,9.425,"LS","looking at the screen"
"P-Gaze","Parent",00:12:31.213,751.213,00:12:33.476,753.476,00:00:02.263,2.263,"LS","looking at the screen"
"P-Gaze","Parent",00:12:39.338,759.338,00:12:51.490,771.49,00:00:12.152,12.152,"LS","looking at the screen"
"P-Gaze","Parent",00:12:57.083,777.083,00:13:12.189,792.189,00:00:15.106,15.106,"LS","looking at the screen"
"P-Gaze","Parent",00:13:17.018,797.018,00:13:41.356,821.356,00:00:24.338,24.338,"LS","looking at the screen"
"P-Gaze","Parent",00:13:46.292,826.292,00:13:49.955,829.955,00:00:03.663,3.663,"LS","looking at the screen"
"P-Gaze","Parent",00:13:50.925,830.925,00:14:13.180,853.18,00:00:22.255,22.255,"LS","looking at the screen"
"P-Gaze","Parent",00:14:15.160,855.16,00:14:19.319,859.319,00:00:04.159,4.159,"LS","looking at the screen"
"P-Gaze","Parent",00:14:22.392,862.392,00:14:35.800,875.8,00:00:13.408,13.408,"LS","looking at the screen"
"P-Gaze","Parent",00:15:03.592,903.592,00:15:14.711,914.711,00:00:11.119,11.119,"LS","looking at the screen"
"P-Gaze","Parent",00:15:17.192,917.192,00:15:26.307,926.307,00:00:09.115,9.115,"LS","looking at the screen"
"P-Gaze","Parent",00:15:28.703,928.703,00:15:45.402,945.402,00:00:16.699,16.699,"LS","looking at the screen"
"P-Gaze","Parent",00:15:45.801,945.801,00:16:11.109,971.109,00:00:25.308,25.308,"LS","looking at the screen"
"P-Gaze","Parent",00:16:16.908,976.908,00:16:17.618,977.618,00:00:00.710,0.71,"LS","looking at the screen"
"P-Gaze","Parent",00:16:28.301,988.301,00:16:29.081,989.081,00:00:00.780,0.78,"LS","looking at the screen"
"P-Head","Parent",00:01:23.302,83.302,00:01:24.012,84.012,00:00:00.710,0.71,"HShake"
"P-Head","Parent",00:01:51.132,111.132,00:01:51.892,111.892,00:00:00.760,0.76,"HShake"
"P-Head","Parent",00:04:31.098,271.098,00:04:31.718,271.718,00:00:00.620,0.62,"NodR","responsive nod"
"P-Head","Parent",00:04:50.012,290.012,00:04:50.452,290.452,00:00:00.440,0.44,"NodF","feedback"
"P-Head","Parent",00:05:05.526,305.526,00:05:06.416,306.416,00:00:00.890,0.89,"NodR","responsive nod"
"P-Head","Parent",00:05:10.469,310.469,00:05:10.932,310.932,00:00:00.463,0.463,"HShake"
"P-Head","Parent",00:05:50.415,350.415,00:05:51.005,351.005,00:00:00.590,0.59,"HShake"
"P-Head","Parent",00:08:32.505,512.505,00:08:33.315,513.315,00:00:00.810,0.81,"HShake"
"P-Head","Parent",00:09:28.905,568.905,00:09:29.665,569.665,00:00:00.760,0.76,"HShake"
"P-Head","Parent",00:09:44.401,584.401,00:09:45.201,585.201,00:00:00.800,0.8,"HShake"
"P-Head","Parent",00:10:13.411,613.411,00:10:14.011,614.011,00:00:00.600,0.6,"HShake"
"P-Eyebrow","Parent",00:00:20.995,20.995,00:00:21.645,21.645,00:00:00.650,0.65,"Raised"
"P-Eyebrow","Parent",00:01:23.689,83.689,00:01:24.359,84.359,00:00:00.670,0.67,"Raised"
"P-Eyebrow","Parent",00:01:30.316,90.316,00:01:37.136,97.136,00:00:06.820,6.82,"Raised"
"P-Eyebrow","Parent",00:01:51.898,111.898,00:01:53.708,113.708,00:00:01.810,1.81,"Raised"
"P-Eyebrow","Parent",00:02:12.619,132.619,00:02:14.429,134.429,00:00:01.810,1.81,"Raised"
"P-Eyebrow","Parent",00:02:17.213,137.213,00:02:19.423,139.423,00:00:02.210,2.21,"Raised"
"P-Eyebrow","Parent",00:02:25.183,145.183,00:02:28.093,148.093,00:00:02.910,2.91,"Raised"
"P-Eyebrow","Parent",00:03:22.298,202.298,00:03:23.198,203.198,00:00:00.900,0.9,"Raised"
"P-Eyebrow","Parent",00:03:43.798,223.798,00:03:44.578,224.578,00:00:00.780,0.78,"Raised"
"P-Eyebrow","Parent",00:03:55.205,235.205,00:03:56.640,236.64,00:00:01.435,1.435,"Raised"
"P-Eyebrow","Parent",00:04:04.790,244.79,00:04:06.490,246.49,00:00:01.700,1.7,"Raised"
"P-Eyebrow","Parent",00:04:29.903,269.903,00:04:30.813,270.813,00:00:00.910,0.91,"Raised"
"P-Eyebrow","Parent",00:05:00.332,300.332,00:05:01.292,301.292,00:00:00.960,0.96,"Raised"
"P-Eyebrow","Parent",00:06:15.020,375.02,00:06:15.465,375.465,00:00:00.445,0.445,"Raised"
"P-Eyebrow","Parent",00:07:05.905,425.905,00:07:07.645,427.645,00:00:01.740,1.74,"Frown"
"P-Eyebrow","Parent",00:07:58.414,478.414,00:07:58.972,478.972,00:00:00.558,0.558,"Raised"
"P-Eyebrow","Parent",00:08:37.707,517.707,00:08:38.347,518.347,00:00:00.640,0.64,"Raised"
"P-Eyebrow","Parent",00:08:42.306,522.306,00:08:43.346,523.346,00:00:01.040,1.04,"Raised"
"P-Eyebrow","Parent",00:09:09.982,549.982,00:09:11.612,551.612,00:00:01.630,1.63,"Raised"
"P-Eyebrow","Parent",00:10:31.303,631.303,00:10:31.773,631.773,00:00:00.470,0.47,"Raised"
"P-Eyebrow","Parent",00:10:55.987,655.987,00:10:56.957,656.957,00:00:00.970,0.97,"Raised"
"P-Eyebrow","Parent",00:11:39.400,699.4,00:11:40.160,700.16,00:00:00.760,0.76,"Frown"
"P-Eyebrow","Parent",00:13:42.504,822.504,00:13:45.514,825.514,00:00:03.010,3.01,"Raised"
"P-Eyebrow","Parent",00:14:10.609,850.609,00:14:18.379,858.379,00:00:07.770,7.77,"Raised"
"P-Eyebrow","Parent",00:15:14.817,914.817,00:15:15.197,915.197,00:00:00.380,0.38,"Raised"
"P-Eyebrow","Parent",00:15:44.200,944.2,00:15:45.140,945.14,00:00:00.940,0.94,"Raised"
"P-Eyebrow","Parent",00:15:55.592,955.592,00:15:56.662,956.662,00:00:01.070,1.07,"Raised"
"P-Mouth","Parent",00:01:23.995,83.995,00:01:27.145,87.145,00:00:03.150,3.15,"S1","Smile with closed mouth"
"P-Mouth","Parent",00:01:27.145,87.145,00:01:30.091,90.091,00:00:02.946,2.946,"S2","Smile with mouth open"
"P-Mouth","Parent",00:01:35.292,95.292,00:01:36.922,96.922,00:00:01.630,1.63,"S2","Smile with mouth open"
"P-Mouth","Parent",00:01:53.709,113.709,00:01:58.941,118.941,00:00:05.232,5.232,"S2","Smile with mouth open"
"P-Mouth","Parent",00:01:58.941,118.941,00:02:00.187,120.187,00:00:01.246,1.246,"S1","Smile with closed mouth"
"P-Mouth","Parent",00:02:00.187,120.187,00:02:02.997,122.997,00:00:02.810,2.81,"S2","Smile with mouth open"
"P-Mouth","Parent",00:02:13.815,133.815,00:02:15.375,135.375,00:00:01.560,1.56,"S1","Smile with closed mouth"
"P-Mouth","Parent",00:02:16.209,136.209,00:02:17.509,137.509,00:00:01.300,1.3,"S2","Smile with mouth open"
"P-Mouth","Parent",00:02:19.987,139.987,00:02:21.027,141.027,00:00:01.040,1.04,"S1","Smile with closed mouth"
"P-Mouth","Parent",00:02:21.027,141.027,00:02:26.579,146.579,00:00:05.552,5.552,"S2","Smile with mouth open"
"P-Mouth","Parent",00:02:33.718,153.718,00:02:35.358,155.358,00:00:01.640,1.64,"S1","Smile with closed mouth"
"P-Mouth","Parent",00:02:36.182,156.182,00:02:37.072,157.072,00:00:00.890,0.89,"S2","Smile with mouth open"
"P-Mouth","Parent",00:03:06.490,186.49,00:03:07.000,187.0,00:00:00.510,0.51,"S2","Smile with mouth open"
"P-Mouth","Parent",00:03:08.348,188.348,00:03:15.188,195.188,00:00:06.840,6.84,"S2","Smile with mouth open"
"P-Mouth","Parent",00:03:29.095,209.095,00:03:31.805,211.805,00:00:02.710,2.71,"S2","Smile with mouth open"
"P-Mouth","Parent",00:03:35.369,215.369,00:03:36.859,216.859,00:00:01.490,1.49,"S2","Smile with mouth open"
"P-Mouth","Parent",00:03:44.176,224.176,00:03:47.531,227.531,00:00:03.355,3.355,"S1","Smile with closed mouth"
"P-Mouth","Parent",00:03:47.531,227.531,00:03:49.241,229.241,00:00:01.710,1.71,"S2","Smile with mouth open"
"P-Mouth","Parent",00:03:50.383,230.383,00:03:53.163,233.163,00:00:02.780,2.78,"S2","Smile with mouth open"
"P-Mouth","Parent",00:04:19.306,259.306,00:04:20.926,260.926,00:00:01.620,1.62,"S1","Smile with closed mouth"
"P-Mouth","Parent",00:04:31.693,271.693,00:04:32.853,272.853,00:00:01.160,1.16,"S1","Smile with closed mouth"
"P-Mouth","Parent",00:04:32.868,272.868,00:04:37.388,277.388,00:00:04.520,4.52,"S2","Smile with mouth open"
"P-Mouth","Parent",00:05:04.011,304.011,00:05:05.521,305.521,00:00:01.510,1.51,"S2","Smile with mouth open"
"P-Mouth","Parent",00:05:06.789,306.789,00:05:08.915,308.915,00:00:02.126,2.126,"S2","Smile with mouth open"
"P-Mouth","Parent",00:05:10.804,310.804,00:05:11.809,311.809,00:00:01.005,1.005,"S1","Smile with closed mouth"
"P-Mouth","Parent",00:05:11.809,311.809,00:05:13.619,313.619,00:00:01.810,1.81,"S2","Smile with mouth open"
"P-Mouth","Parent",00:05:15.202,315.202,00:05:18.381,318.381,00:00:03.179,3.179,"S2","Smile with mouth open"
"P-Mouth","Parent",00:05:36.131,336.131,00:05:38.921,338.921,00:00:02.790,2.79,"S1","Smile with closed mouth"
"P-Mouth","Parent",00:05:42.021,342.021,00:05:43.971,343.971,00:00:01.950,1.95,"S2","Smile with mouth open"
"P-Mouth","Parent",00:05:57.013,357.013,00:05:58.105,358.105,00:00:01.092,1.092,"S1","Smile with closed mouth"
"P-Mouth","Parent",00:05:58.105,358.105,00:06:00.985,360.985,00:00:02.880,2.88,"S2","Smile with mouth open"
"P-Mouth","Parent",00:06:04.987,364.987,00:06:08.597,368.597,00:00:03.610,3.61,"S2","Smile with mouth open"
"P-Mouth","Parent",00:06:51.408,411.408,00:06:58.388,418.388,00:00:06.980,6.98,"S2","Smile with mouth open"
"P-Mouth","Parent",00:07:54.000,474.0,00:08:00.395,480.395,00:00:06.395,6.395,"S2","Smile with mouth open"
"P-Mouth","Parent",00:08:04.303,484.303,00:08:08.493,488.493,00:00:04.190,4.19,"S2","Smile with mouth open"
"P-Mouth","Parent",00:08:12.355,492.355,00:08:17.615,497.615,00:00:05.260,5.26,"Laugh","with sound"
"P-Mouth","Parent",00:08:29.691,509.691,00:08:32.221,512.221,00:00:02.530,2.53,"S2","Smile with mouth open"
"P-Mouth","Parent",00:08:57.119,537.119,00:08:59.109,539.109,00:00:01.990,1.99,"S1","Smile with closed mouth"
"P-Mouth","Parent",00:09:50.081,590.081,00:10:01.701,601.701,00:00:11.620,11.62,"S1","Smile with closed mouth"
"P-Mouth","Parent",00:10:33.002,633.002,00:10:33.452,633.452,00:00:00.450,0.45,"Laugh","with sound"
"P-Mouth","Parent",00:10:46.997,646.997,00:10:48.277,648.277,00:00:01.280,1.28,"S2","Smile with mouth open"
"P-Mouth","Parent",00:10:56.595,656.595,00:10:59.005,659.005,00:00:02.410,2.41,"S1","Smile with closed mouth"
"P-Mouth","Parent",00:11:03.990,663.99,00:11:05.440,665.44,00:00:01.450,1.45,"S1","Smile with closed mouth"
"P-Mouth","Parent",00:11:05.450,665.45,00:11:06.180,666.18,00:00:00.730,0.73,"S2","Smile with mouth open"
"P-Mouth","Parent",00:11:34.723,694.723,00:11:37.843,697.843,00:00:03.120,3.12,"S1","Smile with closed mouth"
"P-Mouth","Parent",00:11:54.492,714.492,00:11:56.202,716.202,00:00:01.710,1.71,"S2","Smile with mouth open"
"P-Mouth","Parent",00:12:46.690,766.69,00:12:52.070,772.07,00:00:05.380,5.38,"S2","Smile with mouth open"
"P-Mouth","Parent",00:15:11.408,911.408,00:15:14.000,914.0,00:00:02.592,2.592,"S1","Smile with closed mouth"
"P-Mouth","Parent",00:15:46.506,946.506,00:15:48.866,948.866,00:00:02.360,2.36,"S1","Smile with closed mouth"
"P-Mouth","Parent",00:15:50.099,950.099,00:15:54.589,954.589,00:00:04.490,4.49,"S1","Smile with closed mouth"
"P-Mouth","Parent",00:15:56.623,956.623,00:15:58.603,958.603,00:00:01.980,1.98,"S1","Smile with closed mouth"
"P-Mouth","Parent",00:16:03.598,963.598,00:16:09.088,969.088,00:00:05.490,5.49,"S2","Smile with mouth open"
"P-Mouth","Parent",00:16:18.516,978.516,00:16:20.276,980.276,00:00:01.760,1.76,"S1","Smile with closed mouth"
"P-Posture","Parent",00:00:36.956,36.956,00:00:39.106,39.106,00:00:02.150,2.15,"Backward","lean backward"
"P-Posture","Parent",00:01:48.817,108.817,00:01:50.057,110.057,00:00:01.240,1.24,"Forward","lean forward"
"P-Posture","Parent",00:02:58.001,178.001,00:02:59.901,179.901,00:00:01.900,1.9,"Backward","lean backward"
"P-Posture","Parent",00:03:00.993,180.993,00:03:03.193,183.193,00:00:02.200,2.2,"Forward","lean forward"
"P-Posture","Parent",00:03:14.411,194.411,00:03:16.081,196.081,00:00:01.670,1.67,"Forward","lean forward"
"P-Posture","Parent",00:04:11.810,251.81,00:04:13.000,253.0,00:00:01.190,1.19,"Backward","lean backward"
"P-Posture","Parent",00:04:18.300,258.3,00:04:19.200,259.2,00:00:00.900,0.9,"Forward","lean forward"
"P-Posture","Parent",00:07:00.012,420.012,00:07:01.792,421.792,00:00:01.780,1.78,"Forward","lean forward"
"P-Posture","Parent",00:09:43.367,583.367,00:09:45.297,585.297,00:00:01.930,1.93,"Forward","lean forward"
"P-Posture","Parent",00:11:27.213,687.213,00:11:28.608,688.608,00:00:01.395,1.395,"Backward","lean backward"
"P-Posture","Parent",00:11:28.608,688.608,00:11:30.138,690.138,00:00:01.530,1.53,"Forward","lean forward"
"P-Posture","Parent",00:11:30.921,690.921,00:11:31.771,691.771,00:00:00.850,0.85,"Backward","lean backward"
"P-Posture","Parent",00:12:09.306,729.306,00:12:11.826,731.826,00:00:02.520,2.52,"Forward","lean forward"
"P-Posture","Parent",00:12:39.338,759.338,00:12:40.698,760.698,00:00:01.360,1.36,"Backward","lean backward"
"P-Posture","Parent",00:13:03.912,783.912,00:13:05.692,785.692,00:00:01.780,1.78,"Backward","lean backward"
"P-Posture","Parent",00:14:18.403,858.403,00:14:20.283,860.283,00:00:01.880,1.88,"Backward","lean backward"
"P-Posture","Parent",00:15:25.595,925.595,00:15:26.955,926.955,00:00:01.360,1.36,"Forward","lean forward"
"P-Posture","Parent",00:16:16.394,976.394,00:16:17.194,977.194,00:00:00.800,0.8,"Forward","lean forward"
"C-Gaze","Child",00:00:00.990,0.99,00:00:04.990,4.99,00:00:04.000,4.0,"LS","looking at the screen"
"C-Gaze","Child",00:00:06.000,6.0,00:00:44.687,44.687,00:00:38.687,38.687,"LS","looking at the screen"
"C-Gaze","Child",00:00:45.392,45.392,00:00:50.025,50.025,00:00:04.633,4.633,"LS","looking at the screen"
"C-Gaze","Child",00:00:51.086,51.086,00:00:51.966,51.966,00:00:00.880,0.88,"LS","looking at the screen"
"C-Gaze","Child",00:00:52.884,52.884,00:00:53.974,53.974,00:00:01.090,1.09,"LS","looking at the screen"
"C-Gaze","Child",00:00:54.712,54.712,00:01:18.863,78.863,00:00:24.151,24.151,"LS","looking at the screen"
"C-Gaze","Child",00:01:19.616,79.616,00:01:20.946,80.946,00:00:01.330,1.33,"LS","looking at the screen"
"C-Gaze","Child",00:01:22.609,82.609,00:01:55.419,115.419,00:00:32.810,32.81,"LS","looking at the screen"
"C-Gaze","Child",00:02:03.050,123.05,00:02:05.720,125.72,00:00:02.670,2.67,"LS","looking at the screen"
"C-Gaze","Child",00:02:06.366,126.366,00:02:09.306,129.306,00:00:02.940,2.94,"LS","looking at the screen"
"C-Gaze","Child",00:02:10.603,130.603,00:02:13.796,133.796,00:00:03.193,3.193,"LS","looking at the screen"
"C-Gaze","Child",00:02:14.406,134.406,00:02:15.166,135.166,00:00:00.760,0.76,"LS","looking at the screen"
"C-Gaze","Child",00:02:16.577,136.577,00:02:26.618,146.618,00:00:10.041,10.041,"LS","looking at the screen"
"C-Gaze","Child",00:02:30.329,150.329,00:02:42.754,162.754,00:00:12.425,12.425,"LS","looking at the screen"
"C-Gaze","Child",00:02:48.686,168.686,00:02:53.902,173.902,00:00:05.216,5.216,"LS","looking at the screen"
"C-Gaze","Child",00:02:56.492,176.492,00:03:10.146,190.146,00:00:13.654,13.654,"LS","looking at the screen"
"C-Gaze","Child",00:03:13.729,193.729,00:03:18.988,198.988,00:00:05.259,5.259,"LS","looking at the screen"
"C-Gaze","Child",00:03:19.751,199.751,00:03:45.161,225.161,00:00:25.410,25.41,"LS","looking at the screen"
"C-Gaze","Child",00:03:45.798,225.798,00:03:48.450,228.45,00:00:02.652,2.652,"LS","looking at the screen"
"C-Gaze","Child",00:03:50.690,230.69,00:03:58.618,238.618,00:00:07.928,7.928,"LS","looking at the screen"
"C-Gaze","Child",00:04:01.211,241.211,00:04:25.418,265.418,00:00:24.207,24.207,"LS","looking at the screen"
"C-Gaze","Child",00:04:27.108,267.108,00:04:40.295,280.295,00:00:13.187,13.187,"LS","looking at the screen"
"C-Gaze","Child",00:04:42.623,282.623,00:04:51.828,291.828,00:00:09.205,9.205,"LS","looking at the screen"
"C-Gaze","Child",00:04:52.793,292.793,00:04:55.781,295.781,00:00:02.988,2.988,"LS","looking at the screen"
"C-Gaze","Child",00:04:57.276,297.276,00:05:03.677,303.677,00:00:06.401,6.401,"LS","looking at the screen"
"C-Gaze","Child",00:05:04.209,304.209,00:05:16.787,316.787,00:00:12.578,12.578,"LS","looking at the screen"
"C-Gaze","Child",00:05:19.401,319.401,00:05:20.821,320.821,00:00:01.420,1.42,"LS","looking at the screen"
"C-Gaze","Child",00:05:21.493,321.493,00:05:32.490,332.49,00:00:10.997,10.997,"LS","looking at the screen"
"C-Gaze","Child",00:05:34.815,334.815,00:05:56.609,356.609,00:00:21.794,21.794,"LS","looking at the screen"
"C-Gaze","Child",00:06:01.699,361.699,00:06:06.593,366.593,00:00:04.894,4.894,"LS","looking at the screen"
"C-Gaze","Child",00:06:07.517,367.517,00:06:10.344,370.344,00:00:02.827,2.827,"LS","looking at the screen"
"C-Gaze","Child",00:06:11.683,371.683,00:06:13.003,373.003,00:00:01.320,1.32,"LS","looking at the screen"
"C-Gaze","Child",00:06:13.853,373.853,00:06:19.800,379.8,00:00:05.947,5.947,"LS","looking at the screen"
"C-Gaze","Child",00:06:21.108,381.108,00:06:34.311,394.311,00:00:13.203,13.203,"LS","looking at the screen"
"C-Gaze","Child",00:06:36.990,396.99,00:06:45.013,405.013,00:00:08.023,8.023,"LS","looking at the screen"
"C-Gaze","Child",00:06:47.452,407.452,00:06:53.006,413.006,00:00:05.554,5.554,"LS","looking at the screen"
"C-Gaze","Child",00:06:59.753,419.753,00:07:01.712,421.712,00:00:01.959,1.959,"LS","looking at the screen"
"C-Gaze","Child",00:07:06.017,426.017,00:07:11.267,431.267,00:00:05.250,5.25,"LS","looking at the screen"
"C-Gaze","Child",00:07:14.519,434.519,00:07:21.500,441.5,00:00:06.981,6.981,"LS","looking at the screen"
"C-Gaze","Child",00:07:24.546,444.546,00:07:34.066,454.066,00:00:09.520,9.52,"LS","looking at the screen"
"C-Gaze","Child",00:07:34.810,454.81,00:07:35.800,455.8,00:00:00.990,0.99,"LS","looking at the screen"
"C-Gaze","Child",00:07:37.615,457.615,00:07:38.775,458.775,00:00:01.160,1.16,"LS","looking at the screen"
"C-Gaze","Child",00:07:44.726,464.726,00:07:45.616,465.616,00:00:00.890,0.89,"LS","looking at the screen"
"C-Gaze","Child",00:07:47.104,467.104,00:07:48.914,468.914,00:00:01.810,1.81,"LS","looking at the screen"
"C-Gaze","Child",00:07:52.432,472.432,00:07:52.922,472.922,00:00:00.490,0.49,"LS","looking at the screen"
"C-Gaze","Child",00:07:54.670,474.67,00:08:01.517,481.517,00:00:06.847,6.847,"LS","looking at the screen"
"C-Gaze","Child",00:08:02.929,482.929,00:08:03.699,483.699,00:00:00.770,0.77,"LS","looking at the screen"
"C-Gaze","Child",00:08:07.415,487.415,00:08:21.462,501.462,00:00:14.047,14.047,"LS","looking at the screen"
"C-Gaze","Child",00:08:24.864,504.864,00:08:25.344,505.344,00:00:00.480,0.48,"LS","looking at the screen"
"C-Gaze","Child",00:08:26.118,506.118,00:08:27.613,507.613,00:00:01.495,1.495,"LS","looking at the screen"
"C-Gaze","Child",00:08:30.502,510.502,00:08:31.582,511.582,00:00:01.080,1.08,"LS","looking at the screen"
"C-Gaze","Child",00:08:32.143,512.143,00:08:33.981,513.981,00:00:01.838,1.838,"LS","looking at the screen"
"C-Gaze","Child",00:08:36.713,516.713,00:08:40.764,520.764,00:00:04.051,4.051,"LS","looking at the screen"
"C-Gaze","Child",00:08:41.842,521.842,00:08:58.679,538.679,00:00:16.837,16.837,"LS","looking at the screen"
"C-Gaze","Child",00:09:03.007,543.007,00:09:19.807,559.807,00:00:16.800,16.8,"LS","looking at the screen"
"C-Gaze","Child",00:09:22.107,562.107,00:09:23.177,563.177,00:00:01.070,1.07,"LS","looking at the screen"
"C-Gaze","Child",00:09:29.609,569.609,00:10:02.958,602.958,00:00:33.349,33.349,"LS","looking at the screen"
"C-Gaze","Child",00:10:03.866,603.866,00:10:37.253,637.253,00:00:33.387,33.387,"LS","looking at the screen"
"C-Gaze","Child",00:10:38.485,638.485,00:10:39.445,639.445,00:00:00.960,0.96,"LS","looking at the screen"
"C-Gaze","Child",00:10:39.833,639.833,00:10:41.494,641.494,00:00:01.661,1.661,"LS","looking at the screen"
"C-Gaze","Child",00:10:44.713,644.713,00:10:47.995,647.995,00:00:03.282,3.282,"LS","looking at the screen"
"C-Gaze","Child",00:10:49.165,649.165,00:10:49.885,649.885,00:00:00.720,0.72,"LS","looking at the screen"
"C-Gaze","Child",00:10:50.895,650.895,00:10:51.315,651.315,00:00:00.420,0.42,"LS","looking at the screen"
"C-Gaze","Child",00:10:55.118,655.118,00:11:17.827,677.827,00:00:22.709,22.709,"LS","looking at the screen"
"C-Gaze","Child",00:11:19.421,679.421,00:11:26.018,686.018,00:00:06.597,6.597,"LS","looking at the screen"
"C-Gaze","Child",00:11:26.507,686.507,00:11:43.550,703.55,00:00:17.043,17.043,"LS","looking at the screen"
"C-Gaze","Child",00:11:45.637,705.637,00:11:49.299,709.299,00:00:03.662,3.662,"LS","looking at the screen"
"C-Gaze","Child",00:11:50.191,710.191,00:11:58.935,718.935,00:00:08.744,8.744,"LS","looking at the screen"
"C-Gaze","Child",00:12:00.239,720.239,00:12:14.405,734.405,00:00:14.166,14.166,"LS","looking at the screen"
"C-Gaze","Child",00:12:15.422,735.422,00:12:16.162,736.162,00:00:00.740,0.74,"LS","looking at the screen"
"C-Gaze","Child",00:12:17.575,737.575,00:12:19.085,739.085,00:00:01.510,1.51,"LS","looking at the screen"
"C-Gaze","Child",00:12:25.802,745.802,00:12:27.133,747.133,00:00:01.331,1.331,"LS","looking at the screen"
"C-Gaze","Child",00:12:29.447,749.447,00:12:31.919,751.919,00:00:02.472,2.472,"LS","looking at the screen"
"C-Gaze","Child",00:12:33.172,753.172,00:12:36.240,756.24,00:00:03.068,3.068,"LS","looking at the screen"
"C-Gaze","Child",00:12:37.182,757.182,00:12:44.591,764.591,00:00:07.409,7.409,"LS","looking at the screen"
"C-Gaze","Child",00:12:47.708,767.708,00:12:52.767,772.767,00:00:05.059,5.059,"LS","looking at the screen"
"C-Gaze","Child",00:13:00.125,780.125,00:13:02.397,782.397,00:00:02.272,2.272,"LS","looking at the screen"
"C-Gaze","Child",00:13:07.655,787.655,00:13:08.495,788.495,00:00:00.840,0.84,"LS","looking at the screen"
"C-Gaze","Child",00:13:09.716,789.716,00:13:12.272,792.272,00:00:02.556,2.556,"LS","looking at the screen"
"C-Gaze","Child",00:13:15.740,795.74,00:13:19.193,799.193,00:00:03.453,3.453,"LS","looking at the screen"
"C-Gaze","Child",00:13:21.360,801.36,00:13:22.296,802.296,00:00:00.936,0.936,"LS","looking at the screen"
"C-Gaze","Child",00:13:23.965,803.965,00:13:26.823,806.823,00:00:02.858,2.858,"LS","looking at the screen"
"C-Gaze","Child",00:13:29.508,809.508,00:13:30.970,810.97,00:00:01.462,1.462,"LS","looking at the screen"
"C-Gaze","Child",00:13:33.104,813.104,00:13:34.258,814.258,00:00:01.154,1.154,"LS","looking at the screen"
"C-Gaze","Child",00:13:36.602,816.602,00:13:41.739,821.739,00:00:05.137,5.137,"LS","looking at the screen"
"C-Gaze","Child",00:13:44.404,824.404,00:13:49.862,829.862,00:00:05.458,5.458,"LS","looking at the screen"
"C-Gaze","Child",00:13:50.618,830.618,00:13:52.888,832.888,00:00:02.270,2.27,"LS","looking at the screen"
"C-Gaze","Child",00:13:53.894,833.894,00:13:55.114,835.114,00:00:01.220,1.22,"LS","looking at the screen"
"C-Gaze","Child",00:13:57.035,837.035,00:13:58.055,838.055,00:00:01.020,1.02,"LS","looking at the screen"
"C-Gaze","Child",00:13:59.016,839.016,00:14:02.202,842.202,00:00:03.186,3.186,"LS","looking at the screen"
"C-Gaze","Child",00:14:04.049,844.049,00:14:06.079,846.079,00:00:02.030,2.03,"LS","looking at the screen"
"C-Gaze","Child",00:14:08.770,848.77,00:14:10.686,850.686,00:00:01.916,1.916,"LS","looking at the screen"
"C-Gaze","Child",00:14:11.488,851.488,00:14:13.675,853.675,00:00:02.187,2.187,"LS","looking at the screen"
"C-Gaze","Child",00:14:15.820,855.82,00:14:16.210,856.21,00:00:00.390,0.39,"LS","looking at the screen"
"C-Gaze","Child",00:14:18.504,858.504,00:14:20.322,860.322,00:00:01.818,1.818,"LS","looking at the screen"
"C-Gaze","Child",00:14:22.006,862.006,00:14:22.896,862.896,00:00:00.890,0.89,"LS","looking at the screen"
"C-Gaze","Child",00:14:31.121,871.121,00:14:32.487,872.487,00:00:01.366,1.366,"LS","looking at the screen"
"C-Gaze","Child",00:14:35.600,875.6,00:14:36.130,876.13,00:00:00.530,0.53,"LS","looking at the screen"
"C-Gaze","Child",00:14:36.516,876.516,00:14:37.798,877.798,00:00:01.282,1.282,"LS","looking at the screen"
"C-Gaze","Child",00:14:40.796,880.796,00:14:41.696,881.696,00:00:00.900,0.9,"LS","looking at the screen"
"C-Gaze","Child",00:14:45.699,885.699,00:14:46.489,886.489,00:00:00.790,0.79,"LS","looking at the screen"
"C-Gaze","Child",00:14:53.874,893.874,00:14:55.848,895.848,00:00:01.974,1.974,"LS","looking at the screen"
"C-Gaze","Child",00:15:20.208,920.208,00:15:21.762,921.762,00:00:01.554,1.554,"LS","looking at the screen"
"C-Gaze","Child",00:15:24.352,924.352,00:15:26.045,926.045,00:00:01.693,1.693,"LS","looking at the screen"
"C-Gaze","Child",00:15:28.496,928.496,00:15:30.239,930.239,00:00:01.743,1.743,"LS","looking at the screen"
"C-Gaze","Child",00:15:31.113,931.113,00:15:33.691,933.691,00:00:02.578,2.578,"LS","looking at the screen"
"C-Gaze","Child",00:15:34.402,934.402,00:15:36.999,936.999,00:00:02.597,2.597,"LS","looking at the screen"
"C-Gaze","Child",00:15:37.997,937.997,00:15:43.084,943.084,00:00:05.087,5.087,"LS","looking at the screen"
"C-Gaze","Child",00:15:44.002,944.002,00:16:04.011,964.011,00:00:20.009,20.009,"LS","looking at the screen"
"C-Gaze","Child",00:16:04.714,964.714,00:16:05.554,965.554,00:00:00.840,0.84,"LS","looking at the screen"
"C-Gaze","Child",00:16:10.084,970.084,00:16:10.404,970.404,00:00:00.320,0.32,"LS","looking at the screen"
"C-Gaze","Child",00:16:13.546,973.546,00:16:35.844,995.844,00:00:22.298,22.298,"LS","looking at the screen"
"C-Head","Child",00:04:32.582,272.582,00:04:33.122,273.122,00:00:00.540,0.54,"HShake"
"C-Head","Child",00:07:34.660,454.66,00:07:35.610,455.61,00:00:00.950,0.95,"NodF","feedback"
"C-Head","Child",00:07:43.580,463.58,00:07:44.770,464.77,00:00:01.190,1.19,"HShake"
"C-Head","Child",00:07:49.360,469.36,00:07:50.095,470.095,00:00:00.735,0.735,"HShake"
"C-Head","Child",00:10:29.478,629.478,00:10:30.028,630.028,00:00:00.550,0.55,"NodR","Responsive Nod"
"C-Eyebrow","Child",00:03:01.198,181.198,00:03:02.588,182.588,00:00:01.390,1.39,"Raised"
"C-Eyebrow","Child",00:03:04.197,184.197,00:03:04.827,184.827,00:00:00.630,0.63,"Raised"
"C-Eyebrow","Child",00:03:07.303,187.303,00:03:07.903,187.903,00:00:00.600,0.6,"Raised"
"C-Eyebrow","Child",00:03:24.307,204.307,00:03:24.787,204.787,00:00:00.480,0.48,"Raised"
"C-Eyebrow","Child",00:03:59.815,239.815,00:04:00.905,240.905,00:00:01.090,1.09,"Raised"
"C-Eyebrow","Child",00:04:02.608,242.608,00:04:02.978,242.978,00:00:00.370,0.37,"Raised"
"C-Eyebrow","Child",00:04:36.317,276.317,00:04:36.767,276.767,00:00:00.450,0.45,"Raised"
"C-Eyebrow","Child",00:04:56.298,296.298,00:04:57.328,297.328,00:00:01.030,1.03,"Raised"
"C-Eyebrow","Child",00:05:53.312,353.312,00:05:54.072,354.072,00:00:00.760,0.76,"Raised"
"C-Eyebrow","Child",00:06:26.997,386.997,00:06:27.747,387.747,00:00:00.750,0.75,"Raised"
"C-Eyebrow","Child",00:06:42.707,402.707,00:06:43.127,403.127,00:00:00.420,0.42,"Raised"
"C-Eyebrow","Child",00:06:52.491,412.491,00:06:53.151,413.151,00:00:00.660,0.66,"Raised"
"C-Eyebrow","Child",00:07:00.212,420.212,00:07:00.832,420.832,00:00:00.620,0.62,"Raised"
"C-Eyebrow","Child",00:07:07.090,427.09,00:07:08.160,428.16,00:00:01.070,1.07,"Raised"
"C-Eyebrow","Child",00:07:34.312,454.312,00:07:34.712,454.712,00:00:00.400,0.4,"Raised"
"C-Eyebrow","Child",00:07:54.670,474.67,00:07:56.660,476.66,00:00:01.990,1.99,"Raised"
"C-Eyebrow","Child",00:08:29.712,509.712,00:08:31.762,511.762,00:00:02.050,2.05,"Raised"
"C-Eyebrow","Child",00:09:13.193,553.193,00:09:13.813,553.813,00:00:00.620,0.62,"Raised"
"C-Eyebrow","Child",00:10:48.110,648.11,00:10:51.550,651.55,00:00:03.440,3.44,"Raised"
"C-Eyebrow","Child",00:10:58.076,658.076,00:10:58.766,658.766,00:00:00.690,0.69,"Raised"
"C-Eyebrow","Child",00:11:31.570,691.57,00:11:33.730,693.73,00:00:02.160,2.16,"Raised"
"C-Eyebrow","Child",00:11:43.797,703.797,00:11:44.207,704.207,00:00:00.410,0.41,"Raised"
"C-Eyebrow","Child",00:12:08.003,728.003,00:12:08.793,728.793,00:00:00.790,0.79,"Raised"
"C-Eyebrow","Child",00:12:12.326,732.326,00:12:12.946,732.946,00:00:00.620,0.62,"Raised"
"C-Eyebrow","Child",00:13:53.098,833.098,00:13:53.708,833.708,00:00:00.610,0.61,"Raised"
"C-Eyebrow","Child",00:14:33.886,873.886,00:14:35.766,875.766,00:00:01.880,1.88,"Raised"
"C-Mouth","Child",00:00:06.791,6.791,00:00:12.131,12.131,00:00:05.340,5.34,"S1","mouth closed smile"
"C-Mouth","Child",00:00:22.368,22.368,00:00:23.823,23.823,00:00:01.455,1.455,"S1","mouth closed smile"
"C-Mouth","Child",00:00:23.823,23.823,00:00:30.406,30.406,00:00:06.583,6.583,"S2","mouth open smile"
"C-Mouth","Child",00:02:20.200,140.2,00:02:28.200,148.2,00:00:08.000,8.0,"S2","mouth open smile"
"C-Mouth","Child",00:02:33.990,153.99,00:02:43.780,163.78,00:00:09.790,9.79,"S2","mouth open smile"
"C-Mouth","Child",00:03:10.505,190.505,00:03:13.088,193.088,00:00:02.583,2.583,"S2","mouth open smile"
"C-Mouth","Child",00:03:13.088,193.088,00:03:13.708,193.708,00:00:00.620,0.62,"S1","mouth closed smile"
"C-Mouth","Child",00:03:47.797,227.797,00:03:48.927,228.927,00:00:01.130,1.13,"S2","mouth open smile"
"C-Mouth","Child",00:05:38.011,338.011,00:05:42.851,342.851,00:00:04.840,4.84,"S2","mouth open smile"
"C-Mouth","Child",00:06:04.301,364.301,00:06:05.851,365.851,00:00:01.550,1.55,"S2","mouth open smile"
"C-Mouth","Child",00:06:26.205,386.205,00:06:27.175,387.175,00:00:00.970,0.97,"S1","mouth closed smile"
"C-Mouth","Child",00:06:49.807,409.807,00:06:53.167,413.167,00:00:03.360,3.36,"S1","mouth closed smile"
"C-Mouth","Child",00:08:01.207,481.207,00:08:01.937,481.937,00:00:00.730,0.73,"S1","mouth closed smile"
"C-Mouth","Child",00:08:01.937,481.937,00:08:06.847,486.847,00:00:04.910,4.91,"S2","mouth open smile"
"C-Mouth","Child",00:08:15.229,495.229,00:08:19.317,499.317,00:00:04.088,4.088,"S2","mouth open smile"
"C-Mouth","Child",00:08:58.606,538.606,00:09:04.286,544.286,00:00:05.680,5.68,"S2","mouth open smile"
"C-Mouth","Child",00:09:53.308,593.308,00:09:56.848,596.848,00:00:03.540,3.54,"S2","mouth open smile"
"C-Mouth","Child",00:10:10.899,610.899,00:10:13.019,613.019,00:00:02.120,2.12,"S2","mouth open smile"
"C-Mouth","Child",00:10:13.019,613.019,00:10:14.217,614.217,00:00:01.198,1.198,"Laugh","with sound"
"C-Mouth","Child",00:10:29.498,629.498,00:10:31.328,631.328,00:00:01.830,1.83,"S2","mouth open smile"
"C-Mouth","Child",00:10:33.701,633.701,00:10:37.701,637.701,00:00:04.000,4.0,"S2","mouth open smile"
"C-Mouth","Child",00:11:53.410,713.41,00:11:58.810,718.81,00:00:05.400,5.4,"S2","mouth open smile"
"C-Mouth","Child",00:12:47.075,767.075,00:12:47.695,767.695,00:00:00.620,0.62,"Laugh","with sound"
"C-Mouth","Child",00:12:47.695,767.695,00:12:52.885,772.885,00:00:05.190,5.19,"S2","mouth open smile"
"C-Mouth","Child",00:15:47.509,947.509,00:15:49.329,949.329,00:00:01.820,1.82,"S2","mouth open smile"
"C-Mouth","Child",00:15:55.992,955.992,00:15:58.207,958.207,00:00:02.215,2.215,"S2","mouth open smile"
"C-Mouth","Child",00:16:14.290,974.29,00:16:17.350,977.35,00:00:03.060,3.06,"S2","mouth open smile"
"C-Posture","Child",00:02:09.281,129.281,00:02:11.801,131.801,00:00:02.520,2.52,"Backward","lean backward"
"C-Posture","Child",00:05:32.989,332.989,00:05:34.829,334.829,00:00:01.840,1.84,"Forward","lean forward"
"C-Posture","Child",00:06:20.700,380.7,00:06:28.504,388.504,00:00:07.804,7.804,"Backward","lean backward"
"C-Posture","Child",00:06:28.514,388.514,00:06:30.222,390.222,00:00:01.708,1.708,"Forward","lean forward"
"C-Posture","Child",00:06:30.222,390.222,00:06:33.072,393.072,00:00:02.850,2.85,"Backward","lean backward"
"C-Posture","Child",00:08:11.986,491.986,00:08:15.187,495.187,00:00:03.201,3.201,"Backward","lean backward"
"C-Posture","Child",00:08:15.187,495.187,00:08:17.447,497.447,00:00:02.260,2.26,"Forward","lean forward"
"C-Posture","Child",00:10:13.907,613.907,00:10:14.907,614.907,00:00:01.000,1.0,"Forward","lean forward"
"C-Posture","Child",00:10:14.922,614.922,00:10:15.992,615.992,00:00:01.070,1.07,"Backward","lean backward"
"C-Posture","Child",00:10:31.304,631.304,00:10:33.086,633.086,00:00:01.782,1.782,"Forward","lean forward"
"C-Posture","Child",00:10:33.086,633.086,00:10:35.146,635.146,00:00:02.060,2.06,"Backward","lean backward"
"P-FuncH","Parent",00:01:23.302,83.302,00:01:24.012,84.012,00:00:00.710,0.71,"Response"
"P-FuncH","Parent",00:01:51.132,111.132,00:01:51.892,111.892,00:00:00.760,0.76,"Response"
"P-FuncH","Parent",00:04:31.098,271.098,00:04:31.718,271.718,00:00:00.620,0.62,"Response"
"P-FuncH","Parent",00:04:50.012,290.012,00:04:50.452,290.452,00:00:00.440,0.44,"Feedback"
"P-FuncH","Parent",00:05:05.526,305.526,00:05:06.416,306.416,00:00:00.890,0.89,"Response"
"P-FuncH","Parent",00:05:10.469,310.469,00:05:10.932,310.932,00:00:00.463,0.463,"Feedback"
"P-FuncH","Parent",00:05:50.415,350.415,00:05:51.005,351.005,00:00:00.590,0.59,"Feedback"
"P-FuncH","Parent",00:08:32.505,512.505,00:08:33.315,513.315,00:00:00.810,0.81,"Response"
"P-FuncH","Parent",00:09:28.905,568.905,00:09:29.665,569.665,00:00:00.760,0.76,"Response"
"P-FuncH","Parent",00:09:44.401,584.401,00:09:45.201,585.201,00:00:00.800,0.8,"Response"
"P-FuncH","Parent",00:10:13.411,613.411,00:10:14.011,614.011,00:00:00.600,0.6,"Response"
"C-FuncH","Child",00:07:34.660,454.66,00:07:35.610,455.61,00:00:00.950,0.95,"Feedback"
"C-FuncH","Child",00:07:43.580,463.58,00:07:44.770,464.77,00:00:01.190,1.19,"Response"
"C-FuncH","Child",00:07:49.360,469.36,00:07:50.095,470.095,00:00:00.735,0.735,"Response"
"C-FuncH","Child",00:10:29.478,629.478,00:10:30.028,630.028,00:00:00.550,0.55,"Response"
"SpeechFunction","",00:00:14.420,14.42,00:00:14.730,14.73,00:00:00.310,0.31,"C-Feedback"
"SpeechFunction","",00:00:29.792,29.792,00:00:30.132,30.132,00:00:00.340,0.34,"C-Feedback"
"SpeechFunction","",00:00:44.180,44.18,00:00:44.500,44.5,00:00:00.320,0.32,"C-Feedback"
"SpeechFunction","",00:00:45.700,45.7,00:00:45.975,45.975,00:00:00.275,0.275,"C-Feedback"
"SpeechFunction","",00:00:53.840,53.84,00:00:54.415,54.415,00:00:00.575,0.575,"C-Feedback"
"SpeechFunction","",00:00:56.980,56.98,00:00:57.610,57.61,00:00:00.630,0.63,"C-Feedback"
"SpeechFunction","",00:02:23.600,143.6,00:02:24.655,144.655,00:00:01.055,1.055,"P-Feedback"
"SpeechFunction","",00:02:34.500,154.5,00:02:35.710,155.71,00:00:01.210,1.21,"P-Feedback"
"SpeechFunction","",00:02:37.340,157.34,00:02:38.386,158.386,00:00:01.046,1.046,"P-Feedback"
"SpeechFunction","",00:02:39.326,159.326,00:02:40.290,160.29,00:00:00.964,0.964,"P-Feedback"
"SpeechFunction","",00:04:08.780,248.78,00:04:09.243,249.243,00:00:00.463,0.463,"P-Feedback"
"SpeechFunction","",00:04:48.220,288.22,00:04:48.990,288.99,00:00:00.770,0.77,"P-Response"
"SpeechFunction","",00:05:05.520,305.52,00:05:06.570,306.57,00:00:01.050,1.05,"P-Feedback"
"SpeechFunction","",00:05:10.240,310.24,00:05:10.755,310.755,00:00:00.515,0.515,"P-Response"
"SpeechFunction","",00:06:01.700,361.7,00:06:02.005,362.005,00:00:00.305,0.305,"C-Feedback"
"SpeechFunction","",00:06:13.180,373.18,00:06:13.530,373.53,00:00:00.350,0.35,"C-Feedback"
"SpeechFunction","",00:06:18.500,378.5,00:06:19.010,379.01,00:00:00.510,0.51,"C-Feedback"
"SpeechFunction","",00:07:21.020,441.02,00:07:21.635,441.635,00:00:00.615,0.615,"C-Response"
"SpeechFunction","",00:07:34.660,454.66,00:07:35.610,455.61,00:00:00.950,0.95,"C-Feedback"
"SpeechFunction","",00:07:49.360,469.36,00:07:50.095,470.095,00:00:00.735,0.735,"C-Response"
"SpeechFunction","",00:07:54.860,474.86,00:07:55.605,475.605,00:00:00.745,0.745,"C-Feedback"
"SpeechFunction","",00:08:00.300,480.3,00:08:00.835,480.835,00:00:00.535,0.535,"C-Response"
"SpeechFunction","",00:08:05.680,485.68,00:08:06.775,486.775,00:00:01.095,1.095,"C-Feedback"
"SpeechFunction","",00:08:22.480,502.48,00:08:22.725,502.725,00:00:00.245,0.245,"C-Feedback"
"SpeechFunction","",00:09:18.440,558.44,00:09:19.420,559.42,00:00:00.980,0.98,"P-Feedback"
"SpeechFunction","",00:10:30.002,630.002,00:10:30.422,630.422,00:00:00.420,0.42,"P-Feedback"
"SpeechFunction","",00:10:59.005,659.005,00:10:59.700,659.7,00:00:00.695,0.695,"P-Response"
"SpeechFunction","",00:11:35.880,695.88,00:11:36.555,696.555,00:00:00.675,0.675,"C-Response"
"SpeechFunction","",00:12:08.165,728.165,00:12:08.935,728.935,00:00:00.770,0.77,"P-Feedback"
"SpeechFunction","",00:12:50.840,770.84,00:12:51.310,771.31,00:00:00.470,0.47,"C-Feedback"
"SpeechFunction","",00:13:12.180,792.18,00:13:12.870,792.87,00:00:00.690,0.69,"P-Feedback"
"SpeechFunction","",00:13:47.320,827.32,00:13:47.660,827.66,00:00:00.340,0.34,"C-Response"
"SpeechFunction","",00:14:04.640,844.64,00:14:04.970,844.97,00:00:00.330,0.33,"C-Response"
"SpeechFunction","",00:14:15.600,855.6,00:14:16.335,856.335,00:00:00.735,0.735,"C-Feedback"
"SpeechFunction","",00:15:05.354,905.354,00:15:05.614,905.614,00:00:00.260,0.26,"P-Feedback"
"SpeechFunction","",00:15:57.480,957.48,00:15:58.290,958.29,00:00:00.810,0.81,"C-Feedback"
"SpeechFunction","",00:16:11.360,971.36,00:16:12.345,972.345,00:00:00.985,0.985,"C-Feedback"
"SpeechFunction","",00:16:17.040,977.04,00:16:17.435,977.435,00:00:00.395,0.395,"C-Response"
"SpeechFunction","",00:16:28.304,988.304,00:16:28.804,988.804,00:00:00.500,0.5,"P-Feedback"
"P-FeedbackType","Parent",00:02:23.600,143.6,00:02:24.655,144.655,00:00:01.055,1.055,"Specific"
"P-FeedbackType","Parent",00:02:34.500,154.5,00:02:35.710,155.71,00:00:01.210,1.21,"Specific"
"P-FeedbackType","Parent",00:02:37.340,157.34,00:02:38.386,158.386,00:00:01.046,1.046,"Specific"
"P-FeedbackType","Parent",00:02:39.326,159.326,00:02:40.290,160.29,00:00:00.964,0.964,"Generic"
"P-FeedbackType","Parent",00:04:08.780,248.78,00:04:09.243,249.243,00:00:00.463,0.463,"Specific"
"P-FeedbackType","Parent",00:05:05.520,305.52,00:05:06.570,306.57,00:00:01.050,1.05,"Specific"
"P-FeedbackType","Parent",00:05:10.240,310.24,00:05:10.755,310.755,00:00:00.515,0.515,"Specific"
"P-FeedbackType","Parent",00:09:18.440,558.44,00:09:19.420,559.42,00:00:00.980,0.98,"Specific"
"P-FeedbackType","Parent",00:10:30.002,630.002,00:10:30.422,630.422,00:00:00.420,0.42,"Generic"
"P-FeedbackType","Parent",00:12:08.165,728.165,00:12:08.935,728.935,00:00:00.770,0.77,"Generic"
"P-FeedbackType","Parent",00:13:12.180,792.18,00:13:12.870,792.87,00:00:00.690,0.69,"Generic"
"P-FeedbackType","Parent",00:15:05.354,905.354,00:15:05.614,905.614,00:00:00.260,0.26,"Generic"
"P-FeedbackType","Parent",00:16:28.304,988.304,00:16:28.804,988.804,00:00:00.500,0.5,"Specific"
"C-FeedbackType","Child",00:00:14.420,14.42,00:00:14.730,14.73,00:00:00.310,0.31,"Generic"
"C-FeedbackType","Child",00:00:29.792,29.792,00:00:30.132,30.132,00:00:00.340,0.34,"Generic"
"C-FeedbackType","Child",00:00:44.180,44.18,00:00:44.500,44.5,00:00:00.320,0.32,"Generic"
"C-FeedbackType","Child",00:00:45.700,45.7,00:00:45.975,45.975,00:00:00.275,0.275,"Generic"
"C-FeedbackType","Child",00:00:53.840,53.84,00:00:54.415,54.415,00:00:00.575,0.575,"Generic"
"C-FeedbackType","Child",00:00:56.980,56.98,00:00:57.610,57.61,00:00:00.630,0.63,"Specific"
"C-FeedbackType","Child",00:06:01.700,361.7,00:06:02.005,362.005,00:00:00.305,0.305,"Specific"
"C-FeedbackType","Child",00:06:13.180,373.18,00:06:13.530,373.53,00:00:00.350,0.35,"Generic"
"C-FeedbackType","Child",00:06:18.500,378.5,00:06:19.010,379.01,00:00:00.510,0.51,"Specific"
"C-FeedbackType","Child",00:07:34.660,454.66,00:07:35.610,455.61,00:00:00.950,0.95,"Specific"
"C-FeedbackType","Child",00:07:54.860,474.86,00:07:55.605,475.605,00:00:00.745,0.745,"Specific"
"C-FeedbackType","Child",00:08:05.680,485.68,00:08:06.775,486.775,00:00:01.095,1.095,"Specific"
"C-FeedbackType","Child",00:08:22.480,502.48,00:08:22.725,502.725,00:00:00.245,0.245,"Generic"
"C-FeedbackType","Child",00:12:50.840,770.84,00:12:51.310,771.31,00:00:00.470,0.47,"Specific"
"C-FeedbackType","Child",00:14:15.600,855.6,00:14:16.335,856.335,00:00:00.735,0.735,"Generic"
"C-FeedbackType","Child",00:15:57.480,957.48,00:15:58.290,958.29,00:00:00.810,0.81,"Specific"
"C-FeedbackType","Child",00:16:11.360,971.36,00:16:12.345,972.345,00:00:00.985,0.985,"Specific"
"Head-FeedbackType","",00:04:50.012,290.012,00:04:50.452,290.452,00:00:00.440,0.44,"P-Specific"
"Head-FeedbackType","",00:07:34.660,454.66,00:07:35.610,455.61,00:00:00.950,0.95,"C-Specific"
"P-MouthFeedbackType","Parent",00:01:23.995,83.995,00:01:27.145,87.145,00:00:03.150,3.15,"Specific"
"P-MouthFeedbackType","Parent",00:01:27.145,87.145,00:01:30.091,90.091,00:00:02.946,2.946,"Generic"
"P-MouthFeedbackType","Parent",00:01:35.292,95.292,00:01:36.922,96.922,00:00:01.630,1.63,"Specific"
"P-MouthFeedbackType","Parent",00:01:53.709,113.709,00:01:58.941,118.941,00:00:05.232,5.232,"Generic"
"P-MouthFeedbackType","Parent",00:01:58.941,118.941,00:02:00.187,120.187,00:00:01.246,1.246,"Generic"
"P-MouthFeedbackType","Parent",00:02:00.187,120.187,00:02:02.997,122.997,00:00:02.810,2.81,"Generic"
"P-MouthFeedbackType","Parent",00:02:13.815,133.815,00:02:15.375,135.375,00:00:01.560,1.56,"Generic"
"P-MouthFeedbackType","Parent",00:02:16.209,136.209,00:02:17.509,137.509,00:00:01.300,1.3,"Specific"
"P-MouthFeedbackType","Parent",00:02:19.987,139.987,00:02:21.027,141.027,00:00:01.040,1.04,"Generic"
"P-MouthFeedbackType","Parent",00:02:21.027,141.027,00:02:26.579,146.579,00:00:05.552,5.552,"Generic"
"P-MouthFeedbackType","Parent",00:02:33.718,153.718,00:02:35.358,155.358,00:00:01.640,1.64,"Specific"
"P-MouthFeedbackType","Parent",00:02:36.182,156.182,00:02:37.072,157.072,00:00:00.890,0.89,"Specific"
"P-MouthFeedbackType","Parent",00:03:06.490,186.49,00:03:07.000,187.0,00:00:00.510,0.51,"Specific"
"P-MouthFeedbackType","Parent",00:03:08.348,188.348,00:03:15.188,195.188,00:00:06.840,6.84,"Generic"
"P-MouthFeedbackType","Parent",00:03:29.095,209.095,00:03:31.805,211.805,00:00:02.710,2.71,"Generic"
"P-MouthFeedbackType","Parent",00:03:35.369,215.369,00:03:36.859,216.859,00:00:01.490,1.49,"Specific"
"P-MouthFeedbackType","Parent",00:03:44.176,224.176,00:03:47.531,227.531,00:00:03.355,3.355,"Generic"
"P-MouthFeedbackType","Parent",00:03:47.531,227.531,00:03:49.241,229.241,00:00:01.710,1.71,"Specific"
"P-MouthFeedbackType","Parent",00:04:19.306,259.306,00:04:20.926,260.926,00:00:01.620,1.62,"Generic"
"P-MouthFeedbackType","Parent",00:04:31.693,271.693,00:04:32.853,272.853,00:00:01.160,1.16,"Generic"
"P-MouthFeedbackType","Parent",00:04:32.868,272.868,00:04:37.388,277.388,00:00:04.520,4.52,"Generic"
"P-MouthFeedbackType","Parent",00:05:04.011,304.011,00:05:05.521,305.521,00:00:01.510,1.51,"Generic"
"P-MouthFeedbackType","Parent",00:05:06.789,306.789,00:05:08.915,308.915,00:00:02.126,2.126,"Generic"
"P-MouthFeedbackType","Parent",00:05:10.804,310.804,00:05:11.809,311.809,00:00:01.005,1.005,"Specific"
"P-MouthFeedbackType","Parent",00:05:11.809,311.809,00:05:13.619,313.619,00:00:01.810,1.81,"Specific"
"P-MouthFeedbackType","Parent",00:05:15.202,315.202,00:05:18.381,318.381,00:00:03.179,3.179,"Generic"
"P-MouthFeedbackType","Parent",00:05:36.131,336.131,00:05:38.921,338.921,00:00:02.790,2.79,"Generic"
"P-MouthFeedbackType","Parent",00:05:42.021,342.021,00:05:43.971,343.971,00:00:01.950,1.95,"Specific"
"P-MouthFeedbackType","Parent",00:05:57.013,357.013,00:05:58.105,358.105,00:00:01.092,1.092,"Generic"
"P-MouthFeedbackType","Parent",00:05:58.105,358.105,00:06:00.985,360.985,00:00:02.880,2.88,"Generic"
"P-MouthFeedbackType","Parent",00:06:04.987,364.987,00:06:08.597,368.597,00:00:03.610,3.61,"Specific"
"P-MouthFeedbackType","Parent",00:06:51.408,411.408,00:06:58.388,418.388,00:00:06.980,6.98,"Generic"
"P-MouthFeedbackType","Parent",00:07:54.000,474.0,00:08:00.395,480.395,00:00:06.395,6.395,"Generic"
"P-MouthFeedbackType","Parent",00:08:04.303,484.303,00:08:08.493,488.493,00:00:04.190,4.19,"Specific"
"P-MouthFeedbackType","Parent",00:08:29.691,509.691,00:08:32.221,512.221,00:00:02.530,2.53,"Generic"
"P-MouthFeedbackType","Parent",00:08:57.119,537.119,00:08:59.109,539.109,00:00:01.990,1.99,"Generic"
"P-MouthFeedbackType","Parent",00:09:50.081,590.081,00:10:01.701,601.701,00:00:11.620,11.62,"Generic"
"P-MouthFeedbackType","Parent",00:10:46.997,646.997,00:10:48.277,648.277,00:00:01.280,1.28,"Generic"
"P-MouthFeedbackType","Parent",00:10:56.595,656.595,00:10:59.005,659.005,00:00:02.410,2.41,"Generic"
"P-MouthFeedbackType","Parent",00:11:03.990,663.99,00:11:05.440,665.44,00:00:01.450,1.45,"Specific"
"P-MouthFeedbackType","Parent",00:11:05.450,665.45,00:11:06.180,666.18,00:00:00.730,0.73,"Specific"
"P-MouthFeedbackType","Parent",00:11:34.723,694.723,00:11:37.843,697.843,00:00:03.120,3.12,"Generic"
"P-MouthFeedbackType","Parent",00:11:54.492,714.492,00:11:56.202,716.202,00:00:01.710,1.71,"Specific"
"P-MouthFeedbackType","Parent",00:12:46.690,766.69,00:12:52.070,772.07,00:00:05.380,5.38,"Specific"
"P-MouthFeedbackType","Parent",00:15:11.408,911.408,00:15:14.000,914.0,00:00:02.592,2.592,"Specific"
"P-MouthFeedbackType","Parent",00:15:46.506,946.506,00:15:48.866,948.866,00:00:02.360,2.36,"Generic"
"P-MouthFeedbackType","Parent",00:15:50.099,950.099,00:15:54.589,954.589,00:00:04.490,4.49,"Generic"
"P-MouthFeedbackType","Parent",00:15:56.623,956.623,00:15:58.603,958.603,00:00:01.980,1.98,"Specific"
"P-MouthFeedbackType","Parent",00:16:03.598,963.598,00:16:09.088,969.088,00:00:05.490,5.49,"Specific"
"P-MouthFeedbackType","Parent",00:16:18.516,978.516,00:16:20.276,980.276,00:00:01.760,1.76,"Specific"
"C-MouthFeedbackType","Child",00:00:06.791,6.791,00:00:12.131,12.131,00:00:05.340,5.34,"Generic"
"C-MouthFeedbackType","Child",00:00:22.368,22.368,00:00:23.823,23.823,00:00:01.455,1.455,"Generic"
"C-MouthFeedbackType","Child",00:00:23.823,23.823,00:00:30.406,30.406,00:00:06.583,6.583,"Generic"
"C-MouthFeedbackType","Child",00:02:20.200,140.2,00:02:28.200,148.2,00:00:08.000,8.0,"Specific"
"C-MouthFeedbackType","Child",00:02:33.990,153.99,00:02:43.780,163.78,00:00:09.790,9.79,"Specific"
"C-MouthFeedbackType","Child",00:03:10.505,190.505,00:03:13.088,193.088,00:00:02.583,2.583,"Specific"
"C-MouthFeedbackType","Child",00:03:13.088,193.088,00:03:13.708,193.708,00:00:00.620,0.62,"Specific"
"C-MouthFeedbackType","Child",00:03:47.797,227.797,00:03:48.927,228.927,00:00:01.130,1.13,"Specific"
"C-MouthFeedbackType","Child",00:05:38.011,338.011,00:05:42.851,342.851,00:00:04.840,4.84,"Specific"
"C-MouthFeedbackType","Child",00:06:04.301,364.301,00:06:05.851,365.851,00:00:01.550,1.55,"Specific"
"C-MouthFeedbackType","Child",00:06:26.205,386.205,00:06:27.175,387.175,00:00:00.970,0.97,"Specific"
"C-MouthFeedbackType","Child",00:06:49.807,409.807,00:06:53.167,413.167,00:00:03.360,3.36,"Generic"
"C-MouthFeedbackType","Child",00:08:01.207,481.207,00:08:01.937,481.937,00:00:00.730,0.73,"Specific"
"C-MouthFeedbackType","Child",00:08:01.937,481.937,00:08:06.847,486.847,00:00:04.910,4.91,"Specific"
"C-MouthFeedbackType","Child",00:08:15.229,495.229,00:08:19.317,499.317,00:00:04.088,4.088,"Specific"
"C-MouthFeedbackType","Child",00:08:58.606,538.606,00:09:04.286,544.286,00:00:05.680,5.68,"Specific"
"C-MouthFeedbackType","Child",00:09:53.308,593.308,00:09:56.848,596.848,00:00:03.540,3.54,"Specific"
"C-MouthFeedbackType","Child",00:10:10.899,610.899,00:10:13.019,613.019,00:00:02.120,2.12,"Specific"
"C-MouthFeedbackType","Child",00:10:29.498,629.498,00:10:31.328,631.328,00:00:01.830,1.83,"Specific"
"C-MouthFeedbackType","Child",00:10:33.701,633.701,00:10:37.701,637.701,00:00:04.000,4.0,"Specific"
"C-MouthFeedbackType","Child",00:11:53.410,713.41,00:11:58.810,718.81,00:00:05.400,5.4,"Specific"
"C-MouthFeedbackType","Child",00:12:47.695,767.695,00:12:52.885,772.885,00:00:05.190,5.19,"Specific"
"C-MouthFeedbackType","Child",00:15:47.509,947.509,00:15:49.329,949.329,00:00:01.820,1.82,"Specific"
"C-MouthFeedbackType","Child",00:15:55.992,955.992,00:15:58.207,958.207,00:00:02.215,2.215,"Generic"
"C-MouthFeedbackType","Child",00:16:14.290,974.29,00:16:17.350,977.35,00:00:03.060,3.06,"Generic"
