"A1-Turn","Adult1",00:00:04.480,4.48,00:00:07.835,7.835,00:00:03.355,3.355,"Speech"
"A1-Turn","Adult1",00:00:09.820,9.82,00:00:10.170,10.17,00:00:00.350,0.35,"Speech"
"A1-Turn","Adult1",00:00:16.040,16.04,00:00:16.950,16.95,00:00:00.910,0.91,"Speech"
"A1-Turn","Adult1",00:00:19.440,19.44,00:00:28.395,28.395,00:00:08.955,8.955,"Speech"
"A1-Turn","Adult1",00:00:29.120,29.12,00:00:42.540,42.54,00:00:13.420,13.42,"Speech"
"A1-Turn","Adult1",00:00:43.120,43.12,00:00:51.365,51.365,00:00:08.245,8.245,"Speech"
"A1-Turn","Adult1",00:00:52.640,52.64,00:00:53.750,53.75,00:00:01.110,1.11,"Speech"
"A1-Turn","Adult1",00:00:54.520,54.52,00:00:55.905,55.905,00:00:01.385,1.385,"Speech"
"A1-Turn","Adult1",00:00:59.960,59.96,00:01:00.640,60.64,00:00:00.680,0.68,"Speech"
"A1-Turn","Adult1",00:01:03.340,63.34,00:01:08.790,68.79,00:00:05.450,5.45,"Speech"
"A1-Turn","Adult1",00:01:14.720,74.72,00:01:15.020,75.02,00:00:00.300,0.3,"Speech"
"A1-Turn","Adult1",00:01:16.280,76.28,00:01:17.335,77.335,00:00:01.055,1.055,"Speech"
"A1-Turn","Adult1",00:01:20.080,80.08,00:01:21.365,81.365,00:00:01.285,1.285,"Speech"
"A1-Turn","Adult1",00:01:22.263,82.263,00:01:26.601,86.601,00:00:04.338,4.338,"Speech"
"A1-Turn","Adult1",00:01:28.020,88.02,00:01:32.185,92.185,00:00:04.165,4.165,"Speech"
"A1-Turn","Adult1",00:01:35.000,95.0,00:01:36.180,96.18,00:00:01.180,1.18,"Speech"
"A1-Turn","Adult1",00:01:46.280,106.28,00:01:48.830,108.83,00:00:02.550,2.55,"Speech"
"A1-Turn","Adult1",00:01:52.780,112.78,00:01:58.790,118.79,00:00:06.010,6.01,"Speech"
"A1-Turn","Adult1",00:02:00.100,120.1,00:02:05.715,125.715,00:00:05.615,5.615,"Speech"
"A1-Turn","Adult1",00:02:06.540,126.54,00:02:09.425,129.425,00:00:02.885,2.885,"Speech"
"A1-Turn","Adult1",00:02:10.920,130.92,00:02:17.100,137.1,00:00:06.180,6.18,"Speech"
"A1-Turn","Adult1",00:02:19.200,139.2,00:02:22.280,142.28,00:00:03.080,3.08,"Speech"
"A1-Turn","Adult1",00:02:28.058,148.058,00:02:28.630,148.63,00:00:00.572,0.572,"Speech"
"A1-Turn","Adult1",00:02:29.504,149.504,00:02:32.280,152.28,00:00:02.776,2.776,"Speech"
"A1-Turn","Adult1",00:02:33.420,153.42,00:02:38.465,158.465,00:00:05.045,5.045,"Speech"
"A1-Turn","Adult1",00:02:42.800,162.8,00:02:45.180,165.18,00:00:02.380,2.38,"Speech"
"A1-Turn","Adult1",00:02:47.180,167.18,00:02:49.245,169.245,00:00:02.065,2.065,"Speech"
"A1-Turn","Adult1",00:02:55.820,175.82,00:02:58.850,178.85,00:00:03.030,3.03,"Speech"
"A1-Turn","Adult1",00:03:03.820,183.82,00:03:07.245,187.245,00:00:03.425,3.425,"Speech"
"A1-Turn","Adult1",00:03:10.152,190.152,00:03:10.828,190.828,00:00:00.676,0.676,"Speech"
"A1-Turn","Adult1",00:03:11.401,191.401,00:03:13.387,193.387,00:00:01.986,1.986,"Speech"
"A1-Turn","Adult1",00:03:14.100,194.1,00:03:17.355,197.355,00:00:03.255,3.255,"Speech"
"A1-Turn","Adult1",00:03:18.040,198.04,00:03:19.630,199.63,00:00:01.590,1.59,"Speech"
"A1-Turn","Adult1",00:03:21.660,201.66,00:03:23.500,203.5,00:00:01.840,1.84,"Speech"
"A1-Turn","Adult1",00:03:25.960,205.96,00:03:28.395,208.395,00:00:02.435,2.435,"Speech"
"A1-Turn","Adult1",00:03:32.500,212.5,00:03:33.975,213.975,00:00:01.475,1.475,"Speech"
"A1-Turn","Adult1",00:03:38.002,218.002,00:03:40.960,220.96,00:00:02.958,2.958,"Speech"
"A1-Turn","Adult1",00:03:44.620,224.62,00:03:48.000,228.0,00:00:03.380,3.38,"Speech"
"A1-Turn","Adult1",00:03:58.260,238.26,00:03:59.695,239.695,00:00:01.435,1.435,"Speech"
"A1-Turn","Adult1",00:04:04.640,244.64,00:04:06.570,246.57,00:00:01.930,1.93,"Speech"
"A1-Turn","Adult1",00:04:13.040,253.04,00:04:14.725,254.725,00:00:01.685,1.685,"Speech"
"A1-Turn","Adult1",00:04:20.880,260.88,00:04:22.745,262.745,00:00:01.865,1.865,"Speech"
"A1-Turn","Adult1",00:04:28.640,268.64,00:04:30.535,270.535,00:00:01.895,1.895,"Speech"
"A1-Turn","Adult1",00:04:35.140,275.14,00:04:36.820,276.82,00:00:01.680,1.68,"Speech"
"A1-Turn","Adult1",00:04:41.220,281.22,00:04:45.580,285.58,00:00:04.360,4.36,"Speech"
"A1-Turn","Adult1",00:04:50.320,290.32,00:04:52.280,292.28,00:00:01.960,1.96,"Speech"
"A1-Turn","Adult1",00:04:57.460,297.46,00:04:58.755,298.755,00:00:01.295,1.295,"Speech"
"A1-Turn","Adult1",00:05:11.140,311.14,00:05:17.675,317.675,00:00:06.535,6.535,"Speech"
"A1-Turn","Adult1",00:05:23.880,323.88,00:05:24.880,324.88,00:00:01.000,1.0,"Speech"
"A1-Turn","Adult1",00:05:46.740,346.74,00:05:50.380,350.38,00:00:03.640,3.64,"Speech"
"A1-Turn","Adult1",00:05:54.460,354.46,00:05:55.445,355.445,00:00:00.985,0.985,"Speech"
"A1-Turn","Adult1",00:05:59.440,359.44,00:06:02.015,362.015,00:00:02.575,2.575,"Speech"
"A1-Turn","Adult1",00:06:03.080,363.08,00:06:04.665,364.665,00:00:01.585,1.585,"Speech"
"A1-Turn","Adult1",00:06:05.640,365.64,00:06:08.965,368.965,00:00:03.325,3.325,"Speech"
"A1-Turn","Adult1",00:06:11.780,371.78,00:06:12.250,372.25,00:00:00.470,0.47,"Speech"
"A1-Turn","Adult1",00:06:13.200,373.2,00:06:14.550,374.55,00:00:01.350,1.35,"Speech"
"A1-Turn","Adult1",00:06:22.440,382.44,00:06:23.080,383.08,00:00:00.640,0.64,"Speech"
"A1-Turn","Adult1",00:06:33.440,393.44,00:06:33.645,393.645,00:00:00.205,0.205,"Speech"
"A1-Turn","Adult1",00:06:40.420,400.42,00:06:41.510,401.51,00:00:01.090,1.09,"Speech"
"A1-Turn","Adult1",00:06:48.540,408.54,00:06:48.880,408.88,00:00:00.340,0.34,"Speech"
"A1-Turn","Adult1",00:06:51.320,411.32,00:06:51.695,411.695,00:00:00.375,0.375,"Speech"
"A1-Turn","Adult1",00:06:57.800,417.8,00:06:58.365,418.365,00:00:00.565,0.565,"Speech"
"A1-Turn","Adult1",00:07:06.620,426.62,00:07:08.970,428.97,00:00:02.350,2.35,"Speech"
"A1-Turn","Adult1",00:07:21.060,441.06,00:07:24.670,444.67,00:00:03.610,3.61,"Speech"
"A1-Turn","Adult1",00:07:30.260,450.26,00:07:30.895,450.895,00:00:00.635,0.635,"Speech"
"A1-Turn","Adult1",00:07:53.020,473.02,00:07:53.365,473.365,00:00:00.345,0.345,"Speech"
"A1-Turn","Adult1",00:08:08.580,488.58,00:08:09.025,489.025,00:00:00.445,0.445,"Speech"
"A1-Turn","Adult1",00:08:22.860,502.86,00:08:23.568,503.568,00:00:00.708,0.708,"Speech"
"A1-Turn","Adult1",00:08:25.020,505.02,00:08:26.445,506.445,00:00:01.425,1.425,"Speech"
"A1-Turn","Adult1",00:08:32.460,512.46,00:08:37.575,517.575,00:00:05.115,5.115,"Speech"
"A1-Turn","Adult1",00:08:45.760,525.76,00:08:51.450,531.45,00:00:05.690,5.69,"Speech"
"A1-Turn","Adult1",00:08:53.580,533.58,00:08:54.690,534.69,00:00:01.110,1.11,"Speech"
"A1-Turn","Adult1",00:08:55.300,535.3,00:08:56.815,536.815,00:00:01.515,1.515,"Speech"
"A1-Turn","Adult1",00:09:06.360,546.36,00:09:07.705,547.705,00:00:01.345,1.345,"Speech"
"A1-Turn","Adult1",00:09:09.420,549.42,00:09:11.405,551.405,00:00:01.985,1.985,"Speech"
"A1-Turn","Adult1",00:09:15.880,555.88,00:09:20.800,560.8,00:00:04.920,4.92,"Speech"
"A1-Turn","Adult1",00:09:32.440,572.44,00:09:36.940,576.94,00:00:04.500,4.5,"Speech"
"A1-Turn","Adult1",00:09:40.680,580.68,00:09:41.580,581.58,00:00:00.900,0.9,"Speech"
"A1-Turn","Adult1",00:09:58.420,598.42,00:10:02.895,602.895,00:00:04.475,4.475,"Speech"
"A1-Turn","Adult1",00:10:03.760,603.76,00:10:06.660,606.66,00:00:02.900,2.9,"Speech"
"A1-Turn","Adult1",00:10:19.920,619.92,00:10:31.390,631.39,00:00:11.470,11.47,"Speech"
"A1-Turn","Adult1",00:10:33.300,633.3,00:10:34.465,634.465,00:00:01.165,1.165,"Speech"
"A1-Turn","Adult1",00:10:37.441,637.441,00:10:42.019,642.019,00:00:04.578,4.578,"Speech"
"A1-Turn","Adult1",00:10:48.340,648.34,00:10:49.565,649.565,00:00:01.225,1.225,"Speech"
"A1-Turn","Adult1",00:10:55.100,655.1,00:11:01.475,661.475,00:00:06.375,6.375,"Speech"
"A1-Turn","Adult1",00:11:02.740,662.74,00:11:07.275,667.275,00:00:04.535,4.535,"Speech"
"A1-Turn","Adult1",00:11:14.260,674.26,00:11:16.285,676.285,00:00:02.025,2.025,"Speech"
"A1-Turn","Adult1",00:11:42.880,702.88,00:11:45.890,705.89,00:00:03.010,3.01,"Speech"
"A1-Turn","Adult1",00:11:48.000,708.0,00:11:49.905,709.905,00:00:01.905,1.905,"Speech"
"A1-Turn","Adult1",00:11:55.000,715.0,00:12:00.195,720.195,00:00:05.195,5.195,"Speech"
"A1-Turn","Adult1",00:12:01.000,721.0,00:12:07.805,727.805,00:00:06.805,6.805,"Speech"
"A1-Turn","Adult1",00:12:11.840,731.84,00:12:12.435,732.435,00:00:00.595,0.595,"Speech"
"A1-Turn","Adult1",00:12:16.580,736.58,00:12:18.390,738.39,00:00:01.810,1.81,"Speech"
"A1-Turn","Adult1",00:12:19.580,739.58,00:12:20.270,740.27,00:00:00.690,0.69,"Speech"
"A1-Turn","Adult1",00:12:24.260,744.26,00:12:24.655,744.655,00:00:00.395,0.395,"Speech"
"A1-Turn","Adult1",00:12:26.940,746.94,00:12:27.490,747.49,00:00:00.550,0.55,"Speech"
"A1-Turn","Adult1",00:12:31.950,751.95,00:12:40.635,760.635,00:00:08.685,8.685,"Speech"
"A1-Turn","Adult1",00:12:42.140,762.14,00:12:42.950,762.95,00:00:00.810,0.81,"Speech"
"A1-Turn","Adult1",00:12:47.760,767.76,00:12:53.520,773.52,00:00:05.760,5.76,"Speech"
"A1-Turn","Adult1",00:12:55.620,775.62,00:12:56.650,776.65,00:00:01.030,1.03,"Speech"
"A1-Turn","Adult1",00:13:10.140,790.14,00:13:13.835,793.835,00:00:03.695,3.695,"Speech"
"A1-Turn","Adult1",00:13:18.100,798.1,00:13:19.615,799.615,00:00:01.515,1.515,"Speech"
"A1-Turn","Adult1",00:13:23.340,803.34,00:13:25.380,805.38,00:00:02.040,2.04,"Speech"
"A1-Turn","Adult1",00:13:59.180,839.18,00:14:03.890,843.89,00:00:04.710,4.71,"Speech"
"A1-Turn","Adult1",00:14:05.640,845.64,00:14:12.120,852.12,00:00:06.480,6.48,"Speech"
"A1-Turn","Adult1",00:14:13.000,853.0,00:14:13.700,853.7,00:00:00.700,0.7,"Speech"
"A1-Turn","Adult1",00:14:15.720,855.72,00:14:19.655,859.655,00:00:03.935,3.935,"Speech"
"A1-Turn","Adult1",00:14:20.400,860.4,00:14:24.805,864.805,00:00:04.405,4.405,"Speech"
"A1-Turn","Adult1",00:14:33.740,873.74,00:14:37.965,877.965,00:00:04.225,4.225,"Speech"
"A1-Turn","Adult1",00:14:50.520,890.52,00:14:53.700,893.7,00:00:03.180,3.18,"Speech"
"A1-Turn","Adult1",00:15:01.100,901.1,00:15:02.300,902.3,00:00:01.200,1.2,"Speech"
"A1-Turn","Adult1",00:15:19.060,919.06,00:15:19.530,919.53,00:00:00.470,0.47,"Speech"
"A1-Turn","Adult1",00:15:24.280,924.28,00:15:26.405,926.405,00:00:02.125,2.125,"Speech"
"A1-Turn","Adult1",00:15:36.700,936.7,00:15:37.215,937.215,00:00:00.515,0.515,"Speech"
"A1-Turn","Adult1",00:15:38.820,938.82,00:15:44.000,944.0,00:00:05.180,5.18,"Speech"
"A2-Turn","Adult2",00:00:02.400,2.4,00:00:04.025,4.025,00:00:01.625,1.625,"Speech"
"A2-Turn","Adult2",00:00:08.460,8.46,00:00:17.960,17.96,00:00:09.500,9.5,"Speech"
"A2-Turn","Adult2",00:00:28.687,28.687,00:00:29.120,29.12,00:00:00.433,0.433,"Speech"
"A2-Turn","Adult2",00:00:54.307,54.307,00:00:54.807,54.807,00:00:00.500,0.5,"Speech"
"A2-Turn","Adult2",00:00:57.880,57.88,00:00:58.485,58.485,00:00:00.605,0.605,"Speech"
"A2-Turn","Adult2",00:01:00.680,60.68,00:01:01.595,61.595,00:00:00.915,0.915,"Speech"
"A2-Turn","Adult2",00:01:03.220,63.22,00:01:04.550,64.55,00:00:01.330,1.33,"Speech"
"A2-Turn","Adult2",00:01:08.672,68.672,00:01:10.932,70.932,00:00:02.260,2.26,"Speech"
"A2-Turn","Adult2",00:01:11.593,71.593,00:01:13.100,73.1,00:00:01.507,1.507,"Speech"
"A2-Turn","Adult2",00:01:16.000,76.0,00:01:17.860,77.86,00:00:01.860,1.86,"Speech"
"A2-Turn","Adult2",00:01:21.520,81.52,00:01:21.790,81.79,00:00:00.270,0.27,"Speech"
"A2-Turn","Adult2",00:01:22.700,82.7,00:01:23.895,83.895,00:00:01.195,1.195,"Speech"
"A2-Turn","Adult2",00:01:40.026,100.026,00:01:40.842,100.842,00:00:00.816,0.816,"Speech"
"A2-Turn","Adult2",00:02:08.540,128.54,00:02:10.025,130.025,00:00:01.485,1.485,"Speech"
"A2-Turn","Adult2",00:02:12.600,132.6,00:02:12.810,132.81,00:00:00.210,0.21,"Speech"
"A2-Turn","Adult2",00:02:16.100,136.1,00:02:17.975,137.975,00:00:01.875,1.875,"Speech"
"A2-Turn","Adult2",00:02:26.360,146.36,00:02:27.480,147.48,00:00:01.120,1.12,"Speech"
"A2-Turn","Adult2",00:02:31.460,151.46,00:02:32.995,152.995,00:00:01.535,1.535,"Speech"
"A2-Turn","Adult2",00:02:34.380,154.38,00:02:34.595,154.595,00:00:00.215,0.215,"Speech"
"A2-Turn","Adult2",00:02:39.720,159.72,00:02:39.940,159.94,00:00:00.220,0.22,"Speech"
"A2-Turn","Adult2",00:02:52.796,172.796,00:02:55.064,175.064,00:00:02.268,2.268,"Speech"
"A2-Turn","Adult2",00:03:01.688,181.688,00:03:02.252,182.252,00:00:00.564,0.564,"Speech"
"A2-Turn","Adult2",00:03:08.280,188.28,00:03:08.690,188.69,00:00:00.410,0.41,"Speech"
"A2-Turn","Adult2",00:03:21.580,201.58,00:03:22.875,202.875,00:00:01.295,1.295,"Speech"
"A2-Turn","Adult2",00:03:23.680,203.68,00:03:23.910,203.91,00:00:00.230,0.23,"Speech"
"A2-Turn","Adult2",00:03:27.680,207.68,00:03:29.395,209.395,00:00:01.715,1.715,"Speech"
"A2-Turn","Adult2",00:03:35.960,215.96,00:03:38.375,218.375,00:00:02.415,2.415,"Speech"
"A2-Turn","Adult2",00:03:52.960,232.96,00:03:56.930,236.93,00:00:03.970,3.97,"Speech"
"A2-Turn","Adult2",00:04:02.080,242.08,00:04:03.165,243.165,00:00:01.085,1.085,"Speech"
"A2-Turn","Adult2",00:04:08.820,248.82,00:04:09.160,249.16,00:00:00.340,0.34,"Speech"
"A2-Turn","Adult2",00:04:17.660,257.66,00:04:18.655,258.655,00:00:00.995,0.995,"Speech"
"A2-Turn","Adult2",00:04:26.340,266.34,00:04:28.315,268.315,00:00:01.975,1.975,"Speech"
"A2-Turn","Adult2",00:04:33.160,273.16,00:04:34.805,274.805,00:00:01.645,1.645,"Speech"
"A2-Turn","Adult2",00:04:38.580,278.58,00:04:39.210,279.21,00:00:00.630,0.63,"Speech"
"A2-Turn","Adult2",00:04:47.340,287.34,00:04:47.885,287.885,00:00:00.545,0.545,"Speech"
"A2-Turn","Adult2",00:04:53.200,293.2,00:04:53.565,293.565,00:00:00.365,0.365,"Speech"
"A2-Turn","Adult2",00:05:00.660,300.66,00:05:01.850,301.85,00:00:01.190,1.19,"Speech"
"A2-Turn","Adult2",00:05:10.446,310.446,00:05:11.248,311.248,00:00:00.802,0.802,"Speech"
"A2-Turn","Adult2",00:05:21.200,321.2,00:05:22.885,322.885,00:00:01.685,1.685,"Speech"
"A2-Turn","Adult2",00:05:28.580,328.58,00:05:31.990,331.99,00:00:03.410,3.41,"Speech"
"A2-Turn","Adult2",00:05:34.760,334.76,00:05:35.675,335.675,00:00:00.915,0.915,"Speech"
"A2-Turn","Adult2",00:05:41.040,341.04,00:05:44.520,344.52,00:00:03.480,3.48,"Speech"
"A2-Turn","Adult2",00:05:50.640,350.64,00:05:52.215,352.215,00:00:01.575,1.575,"Speech"
"A2-Turn","Adult2",00:05:56.180,356.18,00:05:56.890,356.89,00:00:00.710,0.71,"Speech"
"A2-Turn","Adult2",00:06:00.840,360.84,00:06:02.615,362.615,00:00:01.775,1.775,"Speech"
"A2-Turn","Adult2",00:06:09.560,369.56,00:06:10.625,370.625,00:00:01.065,1.065,"Speech"
"A2-Turn","Adult2",00:06:25.340,385.34,00:06:31.675,391.675,00:00:06.335,6.335,"Speech"
"A2-Turn","Adult2",00:06:38.100,398.1,00:06:39.470,399.47,00:00:01.370,1.37,"Speech"
"A2-Turn","Adult2",00:06:45.420,405.42,00:06:46.750,406.75,00:00:01.330,1.33,"Speech"
"A2-Turn","Adult2",00:06:48.680,408.68,00:06:49.690,409.69,00:00:01.010,1.01,"Speech"
"A2-Turn","Adult2",00:06:54.660,414.66,00:06:56.750,416.75,00:00:02.090,2.09,"Speech"
"A2-Turn","Adult2",00:07:03.340,423.34,00:07:04.550,424.55,00:00:01.210,1.21,"Speech"
"A2-Turn","Adult2",00:07:16.860,436.86,00:07:19.040,439.04,00:00:02.180,2.18,"Speech"
"A2-Turn","Adult2",00:07:27.780,447.78,00:07:29.275,449.275,00:00:01.495,1.495,"Speech"
"A2-Turn","Adult2",00:07:37.380,457.38,00:07:38.170,458.17,00:00:00.790,0.79,"Speech"
"A2-Turn","Adult2",00:07:42.640,462.64,00:07:44.920,464.92,00:00:02.280,2.28,"Speech"
"A2-Turn","Adult2",00:07:50.320,470.32,00:07:51.600,471.6,00:00:01.280,1.28,"Speech"
"A2-Turn","Adult2",00:07:52.400,472.4,00:07:52.715,472.715,00:00:00.315,0.315,"Speech"
"A2-Turn","Adult2",00:08:05.100,485.1,00:08:07.320,487.32,00:00:02.220,2.22,"Speech"
"A2-Turn","Adult2",00:08:19.800,499.8,00:08:21.450,501.45,00:00:01.650,1.65,"Speech"
"A2-Turn","Adult2",00:08:28.300,508.3,00:08:33.255,513.255,00:00:04.955,4.955,"Speech"
"A2-Turn","Adult2",00:08:38.080,518.08,00:08:40.195,520.195,00:00:02.115,2.115,"Speech"
"A2-Turn","Adult2",00:08:40.960,520.96,00:08:43.910,523.91,00:00:02.950,2.95,"Speech"
"A2-Turn","Adult2",00:08:49.780,529.78,00:08:53.335,533.335,00:00:03.555,3.555,"Speech"
"A2-Turn","Adult2",00:08:54.280,534.28,00:08:55.415,535.415,00:00:01.135,1.135,"Speech"
"A2-Turn","Adult2",00:09:00.020,540.02,00:09:01.605,541.605,00:00:01.585,1.585,"Speech"
"A2-Turn","Adult2",00:09:07.100,547.1,00:09:07.435,547.435,00:00:00.335,0.335,"Speech"
"A2-Turn","Adult2",00:09:11.040,551.04,00:09:13.635,553.635,00:00:02.595,2.595,"Speech"
"A2-Turn","Adult2",00:09:25.420,565.42,00:09:26.670,566.67,00:00:01.250,1.25,"Speech"
"A2-Turn","Adult2",00:09:28.760,568.76,00:09:30.050,570.05,00:00:01.290,1.29,"Speech"
"A2-Turn","Adult2",00:09:38.600,578.6,00:09:39.625,579.625,00:00:01.025,1.025,"Speech"
"A2-Turn","Adult2",00:09:52.301,592.301,00:09:56.580,596.58,00:00:04.279,4.279,"Speech"
"A2-Turn","Adult2",00:10:08.940,608.94,00:10:13.155,613.155,00:00:04.215,4.215,"Speech"
"A2-Turn","Adult2",00:10:14.460,614.46,00:10:18.190,618.19,00:00:03.730,3.73,"Speech"
"A2-Turn","Adult2",00:10:33.540,633.54,00:10:36.635,636.635,00:00:03.095,3.095,"Speech"
"A2-Turn","Adult2",00:10:43.380,643.38,00:10:47.790,647.79,00:00:04.410,4.41,"Speech"
"A2-Turn","Adult2",00:10:51.320,651.32,00:10:52.740,652.74,00:00:01.420,1.42,"Speech"
"A2-Turn","Adult2",00:11:01.300,661.3,00:11:02.525,662.525,00:00:01.225,1.225,"Speech"
"A2-Turn","Adult2",00:11:12.020,672.02,00:11:13.375,673.375,00:00:01.355,1.355,"Speech"
"A2-Turn","Adult2",00:11:24.040,684.04,00:11:24.985,684.985,00:00:00.945,0.945,"Speech"
"A2-Turn","Adult2",00:11:28.020,688.02,00:11:29.555,689.555,00:00:01.535,1.535,"Speech"
"A2-Turn","Adult2",00:11:36.940,696.94,00:11:38.840,698.84,00:00:01.900,1.9,"Speech"
"A2-Turn","Adult2",00:11:39.760,699.76,00:11:41.560,701.56,00:00:01.800,1.8,"Speech"
"A2-Turn","Adult2",00:11:53.520,713.52,00:11:54.540,714.54,00:00:01.020,1.02,"Speech"
"A2-Turn","Adult2",00:11:59.540,719.54,00:12:02.745,722.745,00:00:03.205,3.205,"Speech"
"A2-Turn","Adult2",00:12:07.040,727.04,00:12:07.500,727.5,00:00:00.460,0.46,"Speech"
"A2-Turn","Adult2",00:12:09.340,729.34,00:12:11.075,731.075,00:00:01.735,1.735,"Speech"
"A2-Turn","Adult2",00:12:13.680,733.68,00:12:16.110,736.11,00:00:02.430,2.43,"Speech"
"A2-Turn","Adult2",00:12:17.700,737.7,00:12:18.800,738.8,00:00:01.100,1.1,"Speech"
"A2-Turn","Adult2",00:12:22.800,742.8,00:12:23.590,743.59,00:00:00.790,0.79,"Speech"
"A2-Turn","Adult2",00:12:25.580,745.58,00:12:26.280,746.28,00:00:00.700,0.7,"Speech"
"A2-Turn","Adult2",00:12:28.300,748.3,00:12:29.035,749.035,00:00:00.735,0.735,"Speech"
"A2-Turn","Adult2",00:12:41.595,761.595,00:12:42.144,762.144,00:00:00.549,0.549,"Speech"
"A2-Turn","Adult2",00:12:44.380,764.38,00:12:46.870,766.87,00:00:02.490,2.49,"Speech"
"A2-Turn","Adult2",00:12:54.120,774.12,00:12:55.350,775.35,00:00:01.230,1.23,"Speech"
"A2-Turn","Adult2",00:12:58.280,778.28,00:12:59.380,779.38,00:00:01.100,1.1,"Speech"
"A2-Turn","Adult2",00:13:03.680,783.68,00:13:06.220,786.22,00:00:02.540,2.54,"Speech"
"A2-Turn","Adult2",00:13:07.520,787.52,00:13:08.215,788.215,00:00:00.695,0.695,"Speech"
"A2-Turn","Adult2",00:13:15.860,795.86,00:13:17.625,797.625,00:00:01.765,1.765,"Speech"
"A2-Turn","Adult2",00:13:20.380,800.38,00:13:21.465,801.465,00:00:01.085,1.085,"Speech"
"A2-Turn","Adult2",00:13:27.620,807.62,00:13:28.015,808.015,00:00:00.395,0.395,"Speech"
"A2-Turn","Adult2",00:13:29.820,809.82,00:13:30.920,810.92,00:00:01.100,1.1,"Speech"
"A2-Turn","Adult2",00:13:49.040,829.04,00:13:53.190,833.19,00:00:04.150,4.15,"Speech"
"A2-Turn","Adult2",00:13:55.180,835.18,00:13:57.820,837.82,00:00:02.640,2.64,"Speech"
"A2-Turn","Adult2",00:14:02.880,842.88,00:14:04.995,844.995,00:00:02.115,2.115,"Speech"
"A2-Turn","Adult2",00:14:05.780,845.78,00:14:08.100,848.1,00:00:02.320,2.32,"Speech"
"A2-Turn","Adult2",00:14:09.580,849.58,00:14:10.790,850.79,00:00:01.210,1.21,"Speech"
"A2-Turn","Adult2",00:14:28.200,868.2,00:14:29.480,869.48,00:00:01.280,1.28,"Speech"
"A2-Turn","Adult2",00:14:30.300,870.3,00:14:32.815,872.815,00:00:02.515,2.515,"Speech"
"A2-Turn","Adult2",00:14:43.100,883.1,00:14:44.465,884.465,00:00:01.365,1.365,"Speech"
"A2-Turn","Adult2",00:14:46.380,886.38,00:14:48.990,888.99,00:00:02.610,2.61,"Speech"
"A2-Turn","Adult2",00:14:55.480,895.48,00:14:59.840,899.84,00:00:04.360,4.36,"Speech"
"A2-Turn","Adult2",00:15:01.240,901.24,00:15:02.080,902.08,00:00:00.840,0.84,"Speech"
"A2-Turn","Adult2",00:15:02.840,902.84,00:15:06.920,906.92,00:00:04.080,4.08,"Speech"
"A2-Turn","Adult2",00:15:08.060,908.06,00:15:17.350,917.35,00:00:09.290,9.29,"Speech"
"A2-Turn","Adult2",00:15:18.700,918.7,00:15:23.215,923.215,00:00:04.515,4.515,"Speech"
"A2-Turn","Adult2",00:15:27.033,927.033,00:15:28.061,928.061,00:00:01.028,1.028,"Speech"
"A2-Turn","Adult2",00:15:29.940,929.94,00:15:31.415,931.415,00:00:01.475,1.475,"Speech"
"A1-Gaze","Adult1",00:00:00.000,0.0,00:00:20.382,20.382,00:00:20.382,20.382,"LS","looking at the screen"
"A1-Gaze","Adult1",00:00:25.157,25.157,00:00:32.098,32.098,00:00:06.941,6.941,"LS","looking at the screen"
"A1-Gaze","Adult1",00:00:32.746,32.746,00:00:36.426,36.426,00:00:03.680,3.68,"LS","looking at the screen"
"A1-Gaze","Adult1",00:00:47.880,47.88,00:01:20.397,80.397,00:00:32.517,32.517,"LS","looking at the screen"
"A1-Gaze","Adult1",00:01:21.230,81.23,00:01:22.427,82.427,00:00:01.197,1.197,"LS","looking at the screen"
"A1-Gaze","Adult1",00:01:54.185,114.185,00:01:54.748,114.748,00:00:00.563,0.563,"LS","looking at the screen"
"A1-Gaze","Adult1",00:01:58.902,118.902,00:01:59.466,119.466,00:00:00.564,0.564,"LS","looking at the screen"
"A1-Gaze","Adult1",00:02:02.380,122.38,00:02:02.718,122.718,00:00:00.338,0.338,"LS","looking at the screen"
"A1-Gaze","Adult1",00:02:17.293,137.293,00:02:20.986,140.986,00:00:03.693,3.693,"LS","looking at the screen"
"A1-Gaze","Adult1",00:02:25.375,145.375,00:02:26.614,146.614,00:00:01.239,1.239,"LS","looking at the screen"
"A1-Gaze","Adult1",00:02:32.406,152.406,00:02:33.645,153.645,00:00:01.239,1.239,"LS","looking at the screen"
"A1-Gaze","Adult1",00:02:48.035,168.035,00:02:51.430,171.43,00:00:03.395,3.395,"LS","looking at the screen"
"A1-Gaze","Adult1",00:02:59.613,179.613,00:03:03.219,183.219,00:00:03.606,3.606,"LS","looking at the screen"
"A1-Gaze","Adult1",00:03:09.538,189.538,00:03:10.918,190.918,00:00:01.380,1.38,"LS","looking at the screen"
"A1-Gaze","Adult1",00:03:19.411,199.411,00:03:26.995,206.995,00:00:07.584,7.584,"LS","looking at the screen"
"A1-Gaze","Adult1",00:03:28.019,208.019,00:03:29.540,209.54,00:00:01.521,1.521,"LS","looking at the screen"
"A1-Gaze","Adult1",00:04:00.203,240.203,00:04:02.457,242.457,00:00:02.254,2.254,"LS","looking at the screen"
"A1-Gaze","Adult1",00:04:11.184,251.184,00:04:11.720,251.72,00:00:00.536,0.536,"LS","looking at the screen"
"A1-Gaze","Adult1",00:04:16.638,256.638,00:04:19.300,259.3,00:00:02.662,2.662,"LS","looking at the screen"
"A1-Gaze","Adult1",00:04:22.468,262.468,00:04:28.455,268.455,00:00:05.987,5.987,"LS","looking at the screen"
"A1-Gaze","Adult1",00:04:30.185,270.185,00:04:34.220,274.22,00:00:04.035,4.035,"LS","looking at the screen"
"A1-Gaze","Adult1",00:04:37.616,277.616,00:04:39.722,279.722,00:00:02.106,2.106,"LS","looking at the screen"
"A1-Gaze","Adult1",00:04:45.769,285.769,00:04:47.413,287.413,00:00:01.644,1.644,"LS","looking at the screen"
"A1-Gaze","Adult1",00:04:50.896,290.896,00:04:54.420,294.42,00:00:03.524,3.524,"LS","looking at the screen"
"A1-Gaze","Adult1",00:04:57.666,297.666,00:04:58.018,298.018,00:00:00.352,0.352,"LS","looking at the screen"
"A1-Gaze","Adult1",00:04:59.144,299.144,00:05:01.950,301.95,00:00:02.806,2.806,"LS","looking at the screen"
"A1-Gaze","Adult1",00:05:12.337,312.337,00:05:13.604,313.604,00:00:01.267,1.267,"LS","looking at the screen"
"A1-Gaze","Adult1",00:05:16.187,316.187,00:05:53.990,353.99,00:00:37.803,37.803,"LS","looking at the screen"
"A1-Gaze","Adult1",00:05:54.647,354.647,00:05:57.168,357.168,00:00:02.521,2.521,"LS","looking at the screen"
"A1-Gaze","Adult1",00:05:59.588,359.588,00:06:05.635,365.635,00:00:06.047,6.047,"LS","looking at the screen"
"A1-Gaze","Adult1",00:06:07.531,367.531,00:06:11.395,371.395,00:00:03.864,3.864,"LS","looking at the screen"
"A1-Gaze","Adult1",00:06:22.589,382.589,00:06:23.223,383.223,00:00:00.634,0.634,"LS","looking at the screen"
"A1-Gaze","Adult1",00:06:24.599,384.599,00:06:32.184,392.184,00:00:07.585,7.585,"LS","looking at the screen"
"A1-Gaze","Adult1",00:06:36.005,396.005,00:06:38.949,398.949,00:00:02.944,2.944,"LS","looking at the screen"
"A1-Gaze","Adult1",00:06:51.007,411.007,00:06:52.598,412.598,00:00:01.591,1.591,"LS","looking at the screen"
"A1-Gaze","Adult1",00:06:52.945,412.945,00:06:53.791,413.791,00:00:00.846,0.846,"LS","looking at the screen"
"A1-Gaze","Adult1",00:06:54.270,414.27,00:06:57.090,417.09,00:00:02.820,2.82,"LS","looking at the screen"
"A1-Gaze","Adult1",00:07:05.019,425.019,00:07:07.007,427.007,00:00:01.988,1.988,"LS","looking at the screen"
"A1-Gaze","Adult1",00:07:27.316,447.316,00:07:29.976,449.976,00:00:02.660,2.66,"LS","looking at the screen"
"A1-Gaze","Adult1",00:07:33.999,453.999,00:07:35.337,455.337,00:00:01.338,1.338,"LS","looking at the screen"
"A1-Gaze","Adult1",00:07:46.802,466.802,00:07:47.266,467.266,00:00:00.464,0.464,"LS","looking at the screen"
"A1-Gaze","Adult1",00:07:49.380,469.38,00:07:52.635,472.635,00:00:03.255,3.255,"LS","looking at the screen"
"A1-Gaze","Adult1",00:07:58.154,478.154,00:08:02.620,482.62,00:00:04.466,4.466,"LS","looking at the screen"
"A1-Gaze","Adult1",00:08:06.125,486.125,00:08:08.140,488.14,00:00:02.015,2.015,"LS","looking at the screen"
"A1-Gaze","Adult1",00:08:10.014,490.014,00:08:22.290,502.29,00:00:12.276,12.276,"LS","looking at the screen"
"A1-Gaze","Adult1",00:08:30.295,510.295,00:08:32.267,512.267,00:00:01.972,1.972,"LS","looking at the screen"
"A1-Gaze","Adult1",00:08:33.999,513.999,00:08:37.170,517.17,00:00:03.171,3.171,"LS","looking at the screen"
"A1-Gaze","Adult1",00:08:37.801,517.801,00:08:50.015,530.015,00:00:12.214,12.214,"LS","looking at the screen"
"A1-Gaze","Adult1",00:08:51.111,531.111,00:08:53.930,533.93,00:00:02.819,2.819,"LS","looking at the screen"
"A1-Gaze","Adult1",00:08:55.239,535.239,00:08:56.718,536.718,00:00:01.479,1.479,"LS","looking at the screen"
"A1-Gaze","Adult1",00:09:01.619,541.619,00:09:04.675,544.675,00:00:03.056,3.056,"LS","looking at the screen"
"A1-Gaze","Adult1",00:09:06.436,546.436,00:09:09.705,549.705,00:00:03.269,3.269,"LS","looking at the screen"
"A1-Gaze","Adult1",00:09:10.703,550.703,00:09:13.675,553.675,00:00:02.972,2.972,"LS","looking at the screen"
"A1-Gaze","Adult1",00:09:17.590,557.59,00:09:30.815,570.815,00:00:13.225,13.225,"LS","looking at the screen"
"A1-Gaze","Adult1",00:09:34.013,574.013,00:09:40.510,580.51,00:00:06.497,6.497,"LS","looking at the screen"
"A1-Gaze","Adult1",00:09:41.580,581.58,00:10:00.000,600.0,00:00:18.420,18.42,"LS","looking at the screen"
"A1-Gaze","Adult1",00:10:08.000,608.0,00:10:20.200,620.2,00:00:12.200,12.2,"LS","looking at the screen"
"A1-Gaze","Adult1",00:10:30.190,630.19,00:10:31.500,631.5,00:00:01.310,1.31,"LS","looking at the screen"
"A1-Gaze","Adult1",00:10:34.710,634.71,00:10:41.910,641.91,00:00:07.200,7.2,"LS","looking at the screen"
"A1-Gaze","Adult1",00:10:58.590,658.59,00:10:59.170,659.17,00:00:00.580,0.58,"LS","looking at the screen"
"A1-Gaze","Adult1",00:11:02.110,662.11,00:11:02.880,662.88,00:00:00.770,0.77,"LS","looking at the screen"
"A1-Gaze","Adult1",00:11:11.890,671.89,00:11:13.850,673.85,00:00:01.960,1.96,"LS","looking at the screen"
"A1-Gaze","Adult1",00:11:18.010,678.01,00:11:38.610,698.61,00:00:20.600,20.6,"LS","looking at the screen"
"A1-Gaze","Adult1",00:11:43.110,703.11,00:11:55.110,715.11,00:00:12.000,12.0,"LS","looking at the screen"
"A1-Gaze","Adult1",00:11:55.810,715.81,00:12:01.200,721.2,00:00:05.390,5.39,"LS","looking at the screen"
"A1-Gaze","Adult1",00:12:03.700,723.7,00:12:11.510,731.51,00:00:07.810,7.81,"LS","looking at the screen"
"A1-Gaze","Adult1",00:12:12.290,732.29,00:12:29.890,749.89,00:00:17.600,17.6,"LS","looking at the screen"
"A1-Gaze","Adult1",00:12:37.390,757.39,00:12:46.710,766.71,00:00:09.320,9.32,"LS","looking at the screen"
"A1-Gaze","Adult1",00:12:51.310,771.31,00:12:55.620,775.62,00:00:04.310,4.31,"LS","looking at the screen"
"A1-Gaze","Adult1",00:12:56.390,776.39,00:13:12.110,792.11,00:00:15.720,15.72,"LS","looking at the screen"
"A1-Gaze","Adult1",00:13:16.100,796.1,00:13:18.110,798.11,00:00:02.010,2.01,"LS","looking at the screen"
"A1-Gaze","Adult1",00:13:18.990,798.99,00:13:19.910,799.91,00:00:00.920,0.92,"LS","looking at the screen"
"A1-Gaze","Adult1",00:13:20.710,800.71,00:13:22.300,802.3,00:00:01.590,1.59,"LS","looking at the screen"
"A1-Gaze","Adult1",00:13:24.200,804.2,00:13:53.200,833.2,00:00:29.000,29.0,"LS","looking at the screen"
"A1-Gaze","Adult1",00:13:54.800,834.8,00:13:58.190,838.19,00:00:03.390,3.39,"LS","looking at the screen"
"A1-Gaze","Adult1",00:14:01.300,841.3,00:14:01.790,841.79,00:00:00.490,0.49,"LS","looking at the screen"
"A1-Gaze","Adult1",00:14:03.300,843.3,00:14:07.290,847.29,00:00:03.990,3.99,"LS","looking at the screen"
"A1-Gaze","Adult1",00:14:07.920,847.92,00:14:15.600,855.6,00:00:07.680,7.68,"LS","looking at the screen"
"A1-Gaze","Adult1",00:14:24.510,864.51,00:14:44.720,884.72,00:00:20.210,20.21,"LS","looking at the screen"
"A1-Gaze","Adult1",00:14:45.700,885.7,00:14:50.390,890.39,00:00:04.690,4.69,"LS","looking at the screen"
"A1-Gaze","Adult1",00:14:53.390,893.39,00:15:17.200,917.2,00:00:23.810,23.81,"LS","looking at the screen"
"A1-Gaze","Adult1",00:15:21.900,921.9,00:15:24.510,924.51,00:00:02.610,2.61,"LS","looking at the screen"
"A1-Gaze","Adult1",00:15:27.600,927.6,00:15:37.210,937.21,00:00:09.610,9.61,"LS","looking at the screen"
"A1-Gaze","Adult1",00:15:39.180,939.18,00:15:39.940,939.94,00:00:00.760,0.76,"LS","looking at the screen"
"A1-Head","Adult1",00:03:09.575,189.575,00:03:10.167,190.167,00:00:00.592,0.592,"NodF","feedback"
"A1-Head","Adult1",00:05:48.823,348.823,00:05:49.527,349.527,00:00:00.704,0.704,"HShake"
"A1-Head","Adult1",00:06:40.420,400.42,00:06:41.510,401.51,00:00:01.090,1.09,"HShake"
"A1-Head","Adult1",00:06:48.540,408.54,00:06:48.880,408.88,00:00:00.340,0.34,"HShake"
"A1-Head","Adult1",00:06:57.800,417.8,00:06:58.365,418.365,00:00:00.565,0.565,"HShake"
"A1-Head","Adult1",00:07:46.790,466.79,00:07:48.029,468.029,00:00:01.239,1.239,"HShake"
"A1-Head","Adult1",00:07:53.020,473.02,00:07:53.365,473.365,00:00:00.345,0.345,"HShake"
"A1-Head","Adult1",00:08:08.422,488.422,00:08:09.041,489.041,00:00:00.619,0.619,"HShake"
"A1-Head","Adult1",00:08:53.580,533.58,00:08:54.690,534.69,00:00:01.110,1.11,"NodF","feedback"
"A1-Head","Adult1",00:09:09.419,549.419,00:09:10.236,550.236,00:00:00.817,0.817,"HShake"
"A1-Head","Adult1",00:09:34.013,574.013,00:09:34.914,574.914,00:00:00.901,0.901,"HShake"
"A1-Head","Adult1",00:09:40.680,580.68,00:09:41.580,581.58,00:00:00.900,0.9,"NodR","responsive nod"
"A1-Head","Adult1",00:12:11.840,731.84,00:12:12.435,732.435,00:00:00.595,0.595,"HShake"
"A1-Head","Adult1",00:12:19.580,739.58,00:12:20.270,740.27,00:00:00.690,0.69,"HShake"
"A1-Head","Adult1",00:12:24.260,744.26,00:12:24.655,744.655,00:00:00.395,0.395,"HShake"
"A1-Head","Adult1",00:12:26.940,746.94,00:12:27.490,747.49,00:00:00.550,0.55,"HShake"
"A1-Head","Adult1",00:12:42.140,762.14,00:12:42.950,762.95,00:00:00.810,0.81,"HShake"
"A1-Head","Adult1",00:12:55.620,775.62,00:12:56.650,776.65,00:00:01.030,1.03,"HShake"
"A1-Head","Adult1",00:13:59.153,839.153,00:13:59.808,839.808,00:00:00.655,0.655,"HShake"
"A1-Head","Adult1",00:14:07.030,847.03,00:14:07.720,847.72,00:00:00.690,0.69,"NodF","feedback"
"A1-Head","Adult1",00:14:08.310,848.31,00:14:08.920,848.92,00:00:00.610,0.61,"NodF","feedback"
"A1-Head","Adult1",00:15:18.580,918.58,00:15:19.060,919.06,00:00:00.480,0.48,"NodF","feedback"
"A1-Eyebrow","Adult1",00:00:38.586,38.586,00:00:39.234,39.234,00:00:00.648,0.648,"Raised"
"A1-Eyebrow","Adult1",00:00:39.632,39.632,00:00:40.280,40.28,00:00:00.648,0.648,"Raised"
"A1-Eyebrow","Adult1",00:00:40.476,40.476,00:00:41.011,41.011,00:00:00.535,0.535,"Raised"
"A1-Eyebrow","Adult1",00:03:11.396,191.396,00:03:12.438,192.438,00:00:01.042,1.042,"Raised"
"A1-Eyebrow","Adult1",00:04:54.418,294.418,00:04:55.601,295.601,00:00:01.183,1.183,"Raised"
"A1-Eyebrow","Adult1",00:08:50.492,530.492,00:08:51.520,531.52,00:00:01.028,1.028,"Raised"
"A1-Eyebrow","Adult1",00:08:54.380,534.38,00:08:54.844,534.844,00:00:00.464,0.464,"Raised"
"A1-Eyebrow","Adult1",00:08:56.191,536.191,00:08:56.867,536.867,00:00:00.676,0.676,"Raised"
"A1-Eyebrow","Adult1",00:09:04.422,544.422,00:09:05.760,545.76,00:00:01.338,1.338,"Raised"
"A1-Eyebrow","Adult1",00:09:06.351,546.351,00:09:06.872,546.872,00:00:00.521,0.521,"Raised"
"A1-Eyebrow","Adult1",00:09:13.661,553.661,00:09:15.027,555.027,00:00:01.366,1.366,"Raised"
"A1-Eyebrow","Adult1",00:09:31.224,571.224,00:09:32.421,572.421,00:00:01.197,1.197,"Raised"
"A1-Eyebrow","Adult1",00:09:59.590,599.59,00:10:00.220,600.22,00:00:00.630,0.63,"Raised"
"A1-Eyebrow","Adult1",00:10:01.110,601.11,00:10:02.590,602.59,00:00:01.480,1.48,"Raised"
"A1-Eyebrow","Adult1",00:10:40.190,640.19,00:10:40.830,640.83,00:00:00.640,0.64,"Raised"
"A1-Eyebrow","Adult1",00:10:58.590,658.59,00:10:59.260,659.26,00:00:00.670,0.67,"Raised"
"A1-Eyebrow","Adult1",00:11:14.120,674.12,00:11:14.710,674.71,00:00:00.590,0.59,"Raised"
"A1-Eyebrow","Adult1",00:11:48.010,708.01,00:11:48.940,708.94,00:00:00.930,0.93,"Raised"
"A1-Eyebrow","Adult1",00:11:57.200,717.2,00:11:57.720,717.72,00:00:00.520,0.52,"Raised"
"A1-Eyebrow","Adult1",00:11:59.480,719.48,00:12:00.100,720.1,00:00:00.620,0.62,"Raised"
"A1-Eyebrow","Adult1",00:12:01.000,721.0,00:12:01.610,721.61,00:00:00.610,0.61,"Raised"
"A1-Eyebrow","Adult1",00:12:30.910,750.91,00:12:31.950,751.95,00:00:01.040,1.04,"Raised"
"A1-Eyebrow","Adult1",00:12:46.800,766.8,00:12:47.760,767.76,00:00:00.960,0.96,"Raised"
"A1-Eyebrow","Adult1",00:13:11.810,791.81,00:13:12.290,792.29,00:00:00.480,0.48,"Raised"
"A1-Eyebrow","Adult1",00:13:23.200,803.2,00:13:24.430,804.43,00:00:01.230,1.23,"Raised"
"A1-Eyebrow","Adult1",00:13:59.180,839.18,00:14:00.310,840.31,00:00:01.130,1.13,"Raised"
"A1-Eyebrow","Adult1",00:14:07.010,847.01,00:14:07.460,847.46,00:00:00.450,0.45,"Raised"
"A1-Eyebrow","Adult1",00:14:16.280,856.28,00:14:16.710,856.71,00:00:00.430,0.43,"Raised"
"A1-Mouth","Adult1",00:10:36.012,636.012,00:10:37.477,637.477,00:00:01.465,1.465,"Laugh","with sound"
"A1-Mouth","Adult1",00:10:37.500,637.5,00:10:42.020,642.02,00:00:04.520,4.52,"S1","Smile with closed mouth"
"A1-Mouth","Adult1",00:11:49.900,709.9,00:11:52.150,712.15,00:00:02.250,2.25,"S1","Smile with closed mouth"
"A1-Mouth","Adult1",00:11:52.160,712.16,00:11:54.990,714.99,00:00:02.830,2.83,"S2","Smile with mouth open"
"A1-Mouth","Adult1",00:11:54.990,714.99,00:11:59.150,719.15,00:00:04.160,4.16,"Laugh","with sound"
"A1-Mouth","Adult1",00:12:06.010,726.01,00:12:06.510,726.51,00:00:00.500,0.5,"Laugh","with sound"
"A1-Mouth","Adult1",00:12:20.280,740.28,00:12:24.250,744.25,00:00:03.970,3.97,"S1","Smile with closed mouth"
"A1-Mouth","Adult1",00:12:24.680,744.68,00:12:26.120,746.12,00:00:01.440,1.44,"S1","Smile with closed mouth"
"A1-Mouth","Adult1",00:13:19.169,799.169,00:13:20.352,800.352,00:00:01.183,1.183,"Laugh","with sound"
"A1-Mouth","Adult1",00:14:11.637,851.637,00:14:12.920,852.92,00:00:01.283,1.283,"Laugh","with sound"
"A1-Mouth","Adult1",00:14:12.920,852.92,00:14:14.400,854.4,00:00:01.480,1.48,"S2","Smile with mouth open"
"A1-Mouth","Adult1",00:14:14.400,854.4,00:14:15.365,855.365,00:00:00.965,0.965,"Laugh","with sound"
"A1-Mouth","Adult1",00:15:28.840,928.84,00:15:29.640,929.64,00:00:00.800,0.8,"Laugh","with sound"
"A1-Mouth","Adult1",00:15:32.320,932.32,00:15:33.590,933.59,00:00:01.270,1.27,"Laugh","with sound"
"A1-Posture","Adult1",00:01:54.748,114.748,00:01:56.011,116.011,00:00:01.263,1.263,"Forward","lean forward"
"A1-Posture","Adult1",00:01:56.011,116.011,00:01:57.434,117.434,00:00:01.423,1.423,"Backward","lean backward"
"A1-Posture","Adult1",00:02:51.387,171.387,00:02:53.979,173.979,00:00:02.592,2.592,"Forward","lean forward"
"A1-Posture","Adult1",00:04:41.233,281.233,00:04:42.895,282.895,00:00:01.662,1.662,"Backward","lean backward"
"A1-Posture","Adult1",00:04:54.418,294.418,00:04:55.601,295.601,00:00:01.183,1.183,"Backward","lean backward"
"A1-Posture","Adult1",00:06:11.748,371.748,00:06:14.945,374.945,00:00:03.197,3.197,"Backward","lean backward"
"A1-Posture","Adult1",00:07:53.421,473.421,00:07:54.689,474.689,00:00:01.268,1.268,"Forward","lean forward"
"A1-Posture","Adult1",00:09:06.360,546.36,00:09:07.705,547.705,00:00:01.345,1.345,"Forward","lean forward"
"A1-Posture","Adult1",00:09:13.661,553.661,00:09:15.027,555.027,00:00:01.366,1.366,"Backward","lean backward"
"A1-Posture","Adult1",00:09:57.600,597.6,00:09:58.400,598.4,00:00:00.800,0.8,"Backward","lean backward"
"A1-Posture","Adult1",00:12:01.000,721.0,00:12:01.610,721.61,00:00:00.610,0.61,"Backward","lean backward"
"A1-Posture","Adult1",00:13:52.660,832.66,00:13:54.030,834.03,00:00:01.370,1.37,"Forward","lean forward"
"A1-Posture","Adult1",00:13:54.030,834.03,00:13:55.180,835.18,00:00:01.150,1.15,"Backward","lean backward"
"A2-Gaze","Adult2",00:00:00.600,0.6,00:00:11.900,11.9,00:00:11.300,11.3,"LS","looking at the screen"
"A2-Gaze","Adult2",00:00:18.610,18.61,00:00:28.270,28.27,00:00:09.660,9.66,"LS","looking at the screen"
"A2-Gaze","Adult2",00:00:29.290,29.29,00:00:54.500,54.5,00:00:25.210,25.21,"LS","looking at the screen"
"A2-Gaze","Adult2",00:00:55.420,55.42,00:01:15.560,75.56,00:00:20.140,20.14,"LS","looking at the screen"
"A2-Gaze","Adult2",00:01:20.390,80.39,00:01:29.900,89.9,00:00:09.510,9.51,"LS","looking at the screen"
"A2-Gaze","Adult2",00:01:50.930,110.93,00:01:53.440,113.44,00:00:02.510,2.51,"LS","looking at the screen"
"A2-Gaze","Adult2",00:01:56.490,116.49,00:01:58.010,118.01,00:00:01.520,1.52,"LS","looking at the screen"
"A2-Gaze","Adult2",00:02:02.800,122.8,00:02:04.000,124.0,00:00:01.200,1.2,"LS","looking at the screen"
"A2-Gaze","Adult2",00:02:06.190,126.19,00:02:06.690,126.69,00:00:00.500,0.5,"LS","looking at the screen"
"A2-Gaze","Adult2",00:02:16.710,136.71,00:02:17.290,137.29,00:00:00.580,0.58,"LS","looking at the screen"
"A2-Gaze","Adult2",00:02:19.300,139.3,00:02:24.820,144.82,00:00:05.520,5.52,"LS","looking at the screen"
"A2-Gaze","Adult2",00:02:28.890,148.89,00:02:34.580,154.58,00:00:05.690,5.69,"LS","looking at the screen"
"A2-Gaze","Adult2",00:02:37.110,157.11,00:02:39.400,159.4,00:00:02.290,2.29,"LS","looking at the screen"
"A2-Gaze","Adult2",00:02:40.280,160.28,00:02:40.910,160.91,00:00:00.630,0.63,"LS","looking at the screen"
"A2-Gaze","Adult2",00:02:43.190,163.19,00:02:50.500,170.5,00:00:07.310,7.31,"LS","looking at the screen"
"A2-Gaze","Adult2",00:02:54.710,174.71,00:03:01.220,181.22,00:00:06.510,6.51,"LS","looking at the screen"
"A2-Gaze","Adult2",00:03:08.690,188.69,00:03:24.200,204.2,00:00:15.510,15.51,"LS","looking at the screen"
"A2-Gaze","Adult2",00:03:28.690,208.69,00:03:45.500,225.5,00:00:16.810,16.81,"LS","looking at the screen"
"A2-Gaze","Adult2",00:04:03.180,243.18,00:04:04.010,244.01,00:00:00.830,0.83,"LS","looking at the screen"
"A2-Gaze","Adult2",00:04:09.270,249.27,00:04:10.040,250.04,00:00:00.770,0.77,"LS","looking at the screen"
"A2-Gaze","Adult2",00:04:21.210,261.21,00:04:22.500,262.5,00:00:01.290,1.29,"LS","looking at the screen"
"A2-Gaze","Adult2",00:04:48.500,288.5,00:04:52.130,292.13,00:00:03.630,3.63,"LS","looking at the screen"
"A2-Gaze","Adult2",00:04:54.510,294.51,00:04:59.150,299.15,00:00:04.640,4.64,"LS","looking at the screen"
"A2-Gaze","Adult2",00:05:08.390,308.39,00:05:17.220,317.22,00:00:08.830,8.83,"LS","looking at the screen"
"A2-Gaze","Adult2",00:05:24.010,324.01,00:05:25.620,325.62,00:00:01.610,1.61,"LS","looking at the screen"
"A2-Gaze","Adult2",00:05:28.910,328.91,00:05:49.710,349.71,00:00:20.800,20.8,"LS","looking at the screen"
"A2-Gaze","Adult2",00:05:52.500,352.5,00:06:02.570,362.57,00:00:10.070,10.07,"LS","looking at the screen"
"A2-Gaze","Adult2",00:06:03.090,363.09,00:06:08.080,368.08,00:00:04.990,4.99,"LS","looking at the screen"
"A2-Gaze","Adult2",00:06:11.300,371.3,00:06:20.210,380.21,00:00:08.910,8.91,"LS","looking at the screen"
"A2-Gaze","Adult2",00:06:21.190,381.19,00:06:30.610,390.61,00:00:09.420,9.42,"LS","looking at the screen"
"A2-Gaze","Adult2",00:06:38.370,398.37,00:06:42.610,402.61,00:00:04.240,4.24,"LS","looking at the screen"
"A2-Gaze","Adult2",00:06:46.300,406.3,00:06:49.790,409.79,00:00:03.490,3.49,"LS","looking at the screen"
"A2-Gaze","Adult2",00:06:50.490,410.49,00:06:52.480,412.48,00:00:01.990,1.99,"LS","looking at the screen"
"A2-Gaze","Adult2",00:06:55.220,415.22,00:06:59.610,419.61,00:00:04.390,4.39,"LS","looking at the screen"
"A2-Gaze","Adult2",00:07:03.620,423.62,00:07:07.490,427.49,00:00:03.870,3.87,"LS","looking at the screen"
"A2-Gaze","Adult2",00:07:51.490,471.49,00:07:53.520,473.52,00:00:02.030,2.03,"LS","looking at the screen"
"A2-Gaze","Adult2",00:08:07.810,487.81,00:08:09.590,489.59,00:00:01.780,1.78,"LS","looking at the screen"
"A2-Gaze","Adult2",00:08:42.900,522.9,00:08:49.350,529.35,00:00:06.450,6.45,"LS","looking at the screen"
"A2-Gaze","Adult2",00:09:04.650,544.65,00:09:10.400,550.4,00:00:05.750,5.75,"LS","looking at the screen"
"A2-Gaze","Adult2",00:09:11.310,551.31,00:09:16.190,556.19,00:00:04.880,4.88,"LS","looking at the screen"
"A2-Gaze","Adult2",00:09:29.080,569.08,00:09:33.690,573.69,00:00:04.610,4.61,"LS","looking at the screen"
"A2-Gaze","Adult2",00:09:34.700,574.7,00:09:43.700,583.7,00:00:09.000,9.0,"LS","looking at the screen"
"A2-Gaze","Adult2",00:09:56.310,596.31,00:10:00.100,600.1,00:00:03.790,3.79,"LS","looking at the screen"
"A2-Gaze","Adult2",00:10:34.680,634.68,00:10:39.700,639.7,00:00:05.020,5.02,"LS","looking at the screen"
"A2-Gaze","Adult2",00:10:44.400,644.4,00:10:47.590,647.59,00:00:03.190,3.19,"LS","looking at the screen"
"A2-Gaze","Adult2",00:11:01.500,661.5,00:11:04.670,664.67,00:00:03.170,3.17,"LS","looking at the screen"
"A2-Gaze","Adult2",00:11:12.910,672.91,00:11:17.273,677.273,00:00:04.363,4.363,"LS","looking at the screen"
"A2-Gaze","Adult2",00:11:18.230,678.23,00:11:19.420,679.42,00:00:01.190,1.19,"LS","looking at the screen"
"A2-Gaze","Adult2",00:11:42.960,702.96,00:11:45.860,705.86,00:00:02.900,2.9,"LS","looking at the screen"
"A2-Gaze","Adult2",00:11:49.230,709.23,00:11:58.050,718.05,00:00:08.820,8.82,"LS","looking at the screen"
"A2-Gaze","Adult2",00:11:59.850,719.85,00:12:02.800,722.8,00:00:02.950,2.95,"LS","looking at the screen"
"A2-Gaze","Adult2",00:12:10.210,730.21,00:12:13.980,733.98,00:00:03.770,3.77,"LS","looking at the screen"
"A2-Gaze","Adult2",00:12:17.440,737.44,00:12:21.000,741.0,00:00:03.560,3.56,"LS","looking at the screen"
"A2-Gaze","Adult2",00:12:23.310,743.31,00:12:25.312,745.312,00:00:02.002,2.002,"LS","looking at the screen"
"A2-Gaze","Adult2",00:12:26.070,746.07,00:12:28.032,748.032,00:00:01.962,1.962,"LS","looking at the screen"
"A2-Gaze","Adult2",00:12:28.790,748.79,00:12:48.090,768.09,00:00:19.300,19.3,"LS","looking at the screen"
"A2-Gaze","Adult2",00:12:54.390,774.39,00:12:56.791,776.791,00:00:02.401,2.401,"LS","looking at the screen"
"A2-Gaze","Adult2",00:13:05.490,785.49,00:13:12.103,792.103,00:00:06.613,6.613,"LS","looking at the screen"
"A2-Gaze","Adult2",00:13:20.600,800.6,00:13:26.247,806.247,00:00:05.647,5.647,"LS","looking at the screen"
"A2-Gaze","Adult2",00:13:56.490,836.49,00:14:04.960,844.96,00:00:08.470,8.47,"LS","looking at the screen"
"A2-Gaze","Adult2",00:14:05.930,845.93,00:14:09.714,849.714,00:00:03.784,3.784,"LS","looking at the screen"
"A2-Gaze","Adult2",00:14:13.520,853.52,00:14:18.310,858.31,00:00:04.790,4.79,"LS","looking at the screen"
"A2-Gaze","Adult2",00:14:24.810,864.81,00:14:26.230,866.23,00:00:01.420,1.42,"LS","looking at the screen"
"A2-Gaze","Adult2",00:14:29.000,869.0,00:14:37.292,877.292,00:00:08.292,8.292,"LS","looking at the screen"
"A2-Gaze","Adult2",00:14:59.400,899.4,00:15:02.010,902.01,00:00:02.610,2.61,"LS","looking at the screen"
"A2-Gaze","Adult2",00:15:05.320,905.32,00:15:06.750,906.75,00:00:01.430,1.43,"LS","looking at the screen"
"A2-Gaze","Adult2",00:15:28.900,928.9,00:15:29.890,929.89,00:00:00.990,0.99,"LS","looking at the screen"
"A2-Gaze","Adult2",00:15:30.580,930.58,00:15:38.000,938.0,00:00:07.420,7.42,"LS","looking at the screen"
"A2-Head","Adult2",00:01:10.190,70.19,00:01:10.850,70.85,00:00:00.660,0.66,"HShake"
"A2-Head","Adult2",00:02:34.380,154.38,00:02:34.595,154.595,00:00:00.215,0.215,"NodF","feedback"
"A2-Head","Adult2",00:02:52.190,172.19,00:02:53.120,173.12,00:00:00.930,0.93,"HShake"
"A2-Head","Adult2",00:03:08.280,188.28,00:03:08.690,188.69,00:00:00.410,0.41,"NodR","Responsive Nod"
"A2-Head","Adult2",00:03:28.290,208.29,00:03:28.830,208.83,00:00:00.540,0.54,"HShake"
"A2-Head","Adult2",00:03:36.990,216.99,00:03:37.730,217.73,00:00:00.740,0.74,"HShake"
"A2-Head","Adult2",00:05:28.900,328.9,00:05:29.660,329.66,00:00:00.760,0.76,"HShake"
"A2-Head","Adult2",00:05:56.180,356.18,00:05:56.890,356.89,00:00:00.710,0.71,"NodF","feedback"
"A2-Head","Adult2",00:06:00.804,360.804,00:06:01.833,361.833,00:00:01.029,1.029,"NodF","feedback"
"A2-Eyebrow","Adult2",00:00:11.900,11.9,00:00:16.570,16.57,00:00:04.670,4.67,"Raised"
"A2-Eyebrow","Adult2",00:00:57.880,57.88,00:00:58.485,58.485,00:00:00.605,0.605,"Raised"
"A2-Eyebrow","Adult2",00:02:08.880,128.88,00:02:10.310,130.31,00:00:01.430,1.43,"Frown"
"A2-Eyebrow","Adult2",00:02:52.190,172.19,00:02:55.090,175.09,00:00:02.900,2.9,"Raised"
"A2-Eyebrow","Adult2",00:03:08.110,188.11,00:03:08.720,188.72,00:00:00.610,0.61,"Raised"
"A2-Eyebrow","Adult2",00:03:54.410,234.41,00:03:54.870,234.87,00:00:00.460,0.46,"Raised"
"A2-Eyebrow","Adult2",00:04:01.100,241.1,00:04:01.520,241.52,00:00:00.420,0.42,"Raised"
"A2-Eyebrow","Adult2",00:04:33.200,273.2,00:04:34.820,274.82,00:00:01.620,1.62,"Frown"
"A2-Eyebrow","Adult2",00:06:00.804,360.804,00:06:01.833,361.833,00:00:01.029,1.029,"Raised"
"A2-Eyebrow","Adult2",00:06:46.210,406.21,00:06:46.490,406.49,00:00:00.280,0.28,"Frown"
"A2-Eyebrow","Adult2",00:07:51.740,471.74,00:07:53.460,473.46,00:00:01.720,1.72,"Frown"
"A2-Eyebrow","Adult2",00:08:38.210,518.21,00:08:38.980,518.98,00:00:00.770,0.77,"Raised"
"A2-Eyebrow","Adult2",00:08:50.700,530.7,00:08:51.400,531.4,00:00:00.700,0.7,"Raised"
"A2-Eyebrow","Adult2",00:09:11.080,551.08,00:09:11.580,551.58,00:00:00.500,0.5,"Raised"
"A2-Eyebrow","Adult2",00:09:28.760,568.76,00:09:30.050,570.05,00:00:01.290,1.29,"Raised"
"A2-Eyebrow","Adult2",00:11:41.490,701.49,00:11:42.730,702.73,00:00:01.240,1.24,"Frown"
"A2-Eyebrow","Adult2",00:11:59.720,719.72,00:12:00.110,720.11,00:00:00.390,0.39,"Raised"
"A2-Eyebrow","Adult2",00:12:00.110,720.11,00:12:00.900,720.9,00:00:00.790,0.79,"Frown"
"A2-Eyebrow","Adult2",00:12:22.800,742.8,00:12:23.590,743.59,00:00:00.790,0.79,"Frown"
"A2-Eyebrow","Adult2",00:12:38.210,758.21,00:12:40.150,760.15,00:00:01.940,1.94,"Raised"
"A2-Eyebrow","Adult2",00:13:21.500,801.5,00:13:22.160,802.16,00:00:00.660,0.66,"Raised"
"A2-Eyebrow","Adult2",00:14:28.690,868.69,00:14:29.360,869.36,00:00:00.670,0.67,"Raised"
"A2-Eyebrow","Adult2",00:15:10.810,910.81,00:15:11.930,911.93,00:00:01.120,1.12,"Frown"
"A2-Eyebrow","Adult2",00:15:27.240,927.24,00:15:28.000,928.0,00:00:00.760,0.76,"Raised"
"A2-Mouth","Adult2",00:00:04.030,4.03,00:00:05.160,5.16,00:00:01.130,1.13,"S2","mouth open smile"
"A2-Mouth","Adult2",00:00:25.000,25.0,00:00:32.320,32.32,00:00:07.320,7.32,"S1","mouth closed smile"
"A2-Mouth","Adult2",00:02:17.960,137.96,00:02:18.800,138.8,00:00:00.840,0.84,"S1","mouth closed smile"
"A2-Mouth","Adult2",00:02:18.800,138.8,00:02:23.670,143.67,00:00:04.870,4.87,"S2","mouth open smile"
"A2-Mouth","Adult2",00:02:28.890,148.89,00:02:31.510,151.51,00:00:02.620,2.62,"S1","mouth closed smile"
"A2-Mouth","Adult2",00:02:39.930,159.93,00:02:45.840,165.84,00:00:05.910,5.91,"S2","mouth open smile"
"A2-Mouth","Adult2",00:02:55.200,175.2,00:03:01.230,181.23,00:00:06.030,6.03,"S1","mouth closed smile"
"A2-Mouth","Adult2",00:03:08.690,188.69,00:03:17.000,197.0,00:00:08.310,8.31,"S2","mouth open smile"
"A2-Mouth","Adult2",00:03:19.100,199.1,00:03:20.090,200.09,00:00:00.990,0.99,"S2","mouth open smile"
"A2-Mouth","Adult2",00:03:28.300,208.3,00:03:36.060,216.06,00:00:07.760,7.76,"S2","mouth open smile"
"A2-Mouth","Adult2",00:03:36.060,216.06,00:03:38.000,218.0,00:00:01.940,1.94,"S1","mouth closed smile"
"A2-Mouth","Adult2",00:05:06.690,306.69,00:05:09.650,309.65,00:00:02.960,2.96,"S1","mouth closed smile"
"A2-Mouth","Adult2",00:05:09.650,309.65,00:05:12.740,312.74,00:00:03.090,3.09,"Laugh","with sound"
"A2-Mouth","Adult2",00:05:12.740,312.74,00:05:22.800,322.8,00:00:10.060,10.06,"S2","mouth open smile"
"A2-Mouth","Adult2",00:06:06.000,366.0,00:06:09.660,369.66,00:00:03.660,3.66,"S2","mouth open smile"
"A2-Mouth","Adult2",00:06:11.340,371.34,00:06:12.220,372.22,00:00:00.880,0.88,"Laugh","with sound"
"A2-Mouth","Adult2",00:06:12.220,372.22,00:06:19.680,379.68,00:00:07.460,7.46,"S2","mouth open smile"
"A2-Mouth","Adult2",00:09:11.598,551.598,00:09:13.670,553.67,00:00:02.072,2.072,"Laugh","with sound"
"A2-Mouth","Adult2",00:09:13.670,553.67,00:09:16.190,556.19,00:00:02.520,2.52,"S2","mouth open smile"
"A2-Mouth","Adult2",00:09:56.549,596.549,00:09:58.718,598.718,00:00:02.169,2.169,"Laugh","with sound"
"A2-Mouth","Adult2",00:10:37.310,637.31,00:10:37.620,637.62,00:00:00.310,0.31,"S1","mouth closed smile"
"A2-Mouth","Adult2",00:10:37.630,637.63,00:10:42.830,642.83,00:00:05.200,5.2,"S2","mouth open smile"
"A2-Mouth","Adult2",00:11:51.447,711.447,00:11:53.489,713.489,00:00:02.042,2.042,"Laugh","with sound"
"A2-Mouth","Adult2",00:12:34.390,754.39,00:12:37.980,757.98,00:00:03.590,3.59,"S1","mouth closed smile"
"A2-Mouth","Adult2",00:12:55.318,775.318,00:12:56.966,776.966,00:00:01.648,1.648,"S2","mouth open smile"
"A2-Mouth","Adult2",00:14:08.490,848.49,00:14:13.510,853.51,00:00:05.020,5.02,"S2","mouth open smile"
"A2-Mouth","Adult2",00:14:13.520,853.52,00:14:15.260,855.26,00:00:01.740,1.74,"Laugh","with sound"
"A2-Mouth","Adult2",00:15:28.019,928.019,00:15:29.399,929.399,00:00:01.380,1.38,"Laugh","with sound"
"A2-Mouth","Adult2",00:15:29.410,929.41,00:15:33.460,933.46,00:00:04.050,4.05,"S2","mouth open smile"
"A2-Mouth","Adult2",00:15:33.460,933.46,00:15:34.690,934.69,00:00:01.230,1.23,"Laugh","with sound"
"A2-Mouth","Adult2",00:15:34.700,934.7,00:15:41.990,941.99,00:00:07.290,7.29,"S2","mouth open smile"
"A2-Mouth","Adult2",00:15:41.990,941.99,00:15:44.040,944.04,00:00:02.050,2.05,"S1","mouth closed smile"
"A1-FuncH","Adult1",00:03:09.575,189.575,00:03:10.167,190.167,00:00:00.592,0.592,"Feedback"
"A1-FuncH","Adult1",00:06:40.420,400.42,00:06:41.510,401.51,00:00:01.090,1.09,"Response"
"A1-FuncH","Adult1",00:06:48.540,408.54,00:06:48.880,408.88,00:00:00.340,0.34,"Response"
"A1-FuncH","Adult1",00:06:57.800,417.8,00:06:58.365,418.365,00:00:00.565,0.565,"Response"
"A1-FuncH","Adult1",00:07:46.790,466.79,00:07:48.029,468.029,00:00:01.239,1.239,"Feedback"
"A1-FuncH","Adult1",00:07:53.020,473.02,00:07:53.365,473.365,00:00:00.345,0.345,"Response"
"A1-FuncH","Adult1",00:08:08.422,488.422,00:08:09.041,489.041,00:00:00.619,0.619,"Response"
"A1-FuncH","Adult1",00:08:53.580,533.58,00:08:54.690,534.69,00:00:01.110,1.11,"Feedback"
"A1-FuncH","Adult1",00:09:09.419,549.419,00:09:10.236,550.236,00:00:00.817,0.817,"Response"
"A1-FuncH","Adult1",00:09:40.680,580.68,00:09:41.580,581.58,00:00:00.900,0.9,"Response"
"A1-FuncH","Adult1",00:12:11.840,731.84,00:12:12.435,732.435,00:00:00.595,0.595,"Response"
"A1-FuncH","Adult1",00:12:19.580,739.58,00:12:20.270,740.27,00:00:00.690,0.69,"Response"
"A1-FuncH","Adult1",00:12:24.260,744.26,00:12:24.655,744.655,00:00:00.395,0.395,"Response"
"A1-FuncH","Adult1",00:12:26.940,746.94,00:12:27.490,747.49,00:00:00.550,0.55,"Response"
"A1-FuncH","Adult1",00:12:42.140,762.14,00:12:42.950,762.95,00:00:00.810,0.81,"Response"
"A1-FuncH","Adult1",00:12:55.620,775.62,00:12:56.650,776.65,00:00:01.030,1.03,"Response"
"A1-FuncH","Adult1",00:13:59.153,839.153,00:13:59.808,839.808,00:00:00.655,0.655,"Response"
"A1-FuncH","Adult1",00:14:07.030,847.03,00:14:07.720,847.72,00:00:00.690,0.69,"Feedback"
"A1-FuncH","Adult1",00:14:08.310,848.31,00:14:08.920,848.92,00:00:00.610,0.61,"Feedback"
"A1-FuncH","Adult1",00:15:18.580,918.58,00:15:19.060,919.06,00:00:00.480,0.48,"Feedback"
"A2-FuncH","Adult2",00:01:10.190,70.19,00:01:10.850,70.85,00:00:00.660,0.66,"Feedback"
"A2-FuncH","Adult2",00:02:34.380,154.38,00:02:34.595,154.595,00:00:00.215,0.215,"Feedback"
"A2-FuncH","Adult2",00:03:08.280,188.28,00:03:08.690,188.69,00:00:00.410,0.41,"Response"
"A2-FuncH","Adult2",00:03:28.290,208.29,00:03:28.830,208.83,00:00:00.540,0.54,"Response"
"A2-FuncH","Adult2",00:03:36.990,216.99,00:03:37.730,217.73,00:00:00.740,0.74,"Feedback"
"A2-FuncH","Adult2",00:05:56.180,356.18,00:05:56.890,356.89,00:00:00.710,0.71,"Feedback"
"A2-FuncH","Adult2",00:06:00.804,360.804,00:06:01.833,361.833,00:00:01.029,1.029,"Feedback"
"SpeechFunction","",00:00:09.820,9.82,00:00:10.170,10.17,00:00:00.350,0.35,"A1-Feedback"
"SpeechFunction","",00:00:28.687,28.687,00:00:29.120,29.12,00:00:00.433,0.433,"A2-Feedback"
"SpeechFunction","",00:00:54.307,54.307,00:00:54.807,54.807,00:00:00.500,0.5,"A2-Feedback"
"SpeechFunction","",00:01:14.720,74.72,00:01:15.020,75.02,00:00:00.300,0.3,"A1-Feedback"
"SpeechFunction","",00:01:21.520,81.52,00:01:21.790,81.79,00:00:00.270,0.27,"A2-Feedback"
"SpeechFunction","",00:02:12.600,132.6,00:02:12.810,132.81,00:00:00.210,0.21,"A2-Feedback"
"SpeechFunction","",00:02:28.058,148.058,00:02:28.630,148.63,00:00:00.572,0.572,"A1-Feedback"
"SpeechFunction","",00:02:34.380,154.38,00:02:34.595,154.595,00:00:00.215,0.215,"A2-Feedback"
"SpeechFunction","",00:02:39.720,159.72,00:02:39.940,159.94,00:00:00.220,0.22,"A2-Response"
"SpeechFunction","",00:03:01.688,181.688,00:03:02.252,182.252,00:00:00.564,0.564,"A2-Response"
"SpeechFunction","",00:03:08.280,188.28,00:03:08.690,188.69,00:00:00.410,0.41,"A2-Response"
"SpeechFunction","",00:03:10.152,190.152,00:03:10.828,190.828,00:00:00.676,0.676,"A1-Feedback"
"SpeechFunction","",00:04:08.820,248.82,00:04:09.160,249.16,00:00:00.340,0.34,"A2-Response"
"SpeechFunction","",00:04:38.580,278.58,00:04:39.210,279.21,00:00:00.630,0.63,"A2-Response"
"SpeechFunction","",00:04:47.340,287.34,00:04:47.885,287.885,00:00:00.545,0.545,"A2-Response"
"SpeechFunction","",00:04:53.200,293.2,00:04:53.565,293.565,00:00:00.365,0.365,"A2-Response"
"SpeechFunction","",00:05:56.180,356.18,00:05:56.890,356.89,00:00:00.710,0.71,"A2-Feedback"
"SpeechFunction","",00:06:33.440,393.44,00:06:33.645,393.645,00:00:00.205,0.205,"A1-Response"
"SpeechFunction","",00:06:48.540,408.54,00:06:48.880,408.88,00:00:00.340,0.34,"A1-Response"
"SpeechFunction","",00:06:51.320,411.32,00:06:51.695,411.695,00:00:00.375,0.375,"A1-Response"
"SpeechFunction","",00:06:57.800,417.8,00:06:58.365,418.365,00:00:00.565,0.565,"A1-Feedback"
"SpeechFunction","",00:07:30.260,450.26,00:07:30.895,450.895,00:00:00.635,0.635,"A1-Response"
"SpeechFunction","",00:07:53.020,473.02,00:07:53.365,473.365,00:00:00.345,0.345,"A1-Response"
"SpeechFunction","",00:08:22.860,502.86,00:08:23.568,503.568,00:00:00.708,0.708,"A1-Response"
"SpeechFunction","",00:08:53.580,533.58,00:08:54.690,534.69,00:00:01.110,1.11,"A1-Feedback"
"SpeechFunction","",00:09:07.100,547.1,00:09:07.435,547.435,00:00:00.335,0.335,"A2-Response"
"SpeechFunction","",00:12:07.040,727.04,00:12:07.500,727.5,00:00:00.460,0.46,"A2-Feedback"
"SpeechFunction","",00:12:11.840,731.84,00:12:12.435,732.435,00:00:00.595,0.595,"A1-Response"
"SpeechFunction","",00:12:19.580,739.58,00:12:20.270,740.27,00:00:00.690,0.69,"A1-Response"
"SpeechFunction","",00:12:24.260,744.26,00:12:24.655,744.655,00:00:00.395,0.395,"A1-Response"
"SpeechFunction","",00:12:26.940,746.94,00:12:27.490,747.49,00:00:00.550,0.55,"A1-Response"
"SpeechFunction","",00:13:27.620,807.62,00:13:28.015,808.015,00:00:00.395,0.395,"A2-Feedback"
"SpeechFunction","",00:14:13.000,853.0,00:14:13.700,853.7,00:00:00.700,0.7,"A1-Feedback"
"SpeechFunction","",00:15:19.060,919.06,00:15:19.530,919.53,00:00:00.470,0.47,"A1-Feedback"
"SpeechFunction","",00:15:36.700,936.7,00:15:37.215,937.215,00:00:00.515,0.515,"A1-Feedback"
"A1-FeedbackType","Adult1",00:00:09.820,9.82,00:00:10.170,10.17,00:00:00.350,0.35,"Specific"
"A1-FeedbackType","Adult1",00:01:14.720,74.72,00:01:15.020,75.02,00:00:00.300,0.3,"Specific"
"A1-FeedbackType","Adult1",00:02:28.058,148.058,00:02:28.630,148.63,00:00:00.572,0.572,"Specific"
"A1-FeedbackType","Adult1",00:03:10.152,190.152,00:03:10.828,190.828,00:00:00.676,0.676,"Specific"
"A1-FeedbackType","Adult1",00:06:57.800,417.8,00:06:58.365,418.365,00:00:00.565,0.565,"Specific"
"A1-FeedbackType","Adult1",00:08:53.580,533.58,00:08:54.690,534.69,00:00:01.110,1.11,"Specific"
"A1-FeedbackType","Adult1",00:14:13.000,853.0,00:14:13.700,853.7,00:00:00.700,0.7,"Generic"
"A1-FeedbackType","Adult1",00:15:19.060,919.06,00:15:19.530,919.53,00:00:00.470,0.47,"Generic"
"A1-FeedbackType","Adult1",00:15:36.700,936.7,00:15:37.215,937.215,00:00:00.515,0.515,"Specific"
"A2-FeedbackType","Adult2",00:00:28.687,28.687,00:00:29.120,29.12,00:00:00.433,0.433,"Generic"
"A2-FeedbackType","Adult2",00:00:54.307,54.307,00:00:54.807,54.807,00:00:00.500,0.5,"Generic"
"A2-FeedbackType","Adult2",00:01:21.520,81.52,00:01:21.790,81.79,00:00:00.270,0.27,"Specific"
"A2-FeedbackType","Adult2",00:02:12.600,132.6,00:02:12.810,132.81,00:00:00.210,0.21,"Specific"
"A2-FeedbackType","Adult2",00:02:34.380,154.38,00:02:34.595,154.595,00:00:00.215,0.215,"Specific"
"A2-FeedbackType","Adult2",00:05:56.180,356.18,00:05:56.890,356.89,00:00:00.710,0.71,"Specific"
"A2-FeedbackType","Adult2",00:12:07.040,727.04,00:12:07.500,727.5,00:00:00.460,0.46,"Specific"
"A2-FeedbackType","Adult2",00:13:27.620,807.62,00:13:28.015,808.015,00:00:00.395,0.395,"Specific"
"Head-FeedbackType","",00:02:34.380,154.38,00:02:34.595,154.595,00:00:00.215,0.215,"A2-Specific"
"Head-FeedbackType","",00:03:09.575,189.575,00:03:10.167,190.167,00:00:00.592,0.592,"A1-Specific"
"Head-FeedbackType","",00:05:56.180,356.18,00:05:56.890,356.89,00:00:00.710,0.71,"A2-Specific"
"Head-FeedbackType","",00:06:00.804,360.804,00:06:01.833,361.833,00:00:01.029,1.029,"A2-Specific"
"Head-FeedbackType","",00:08:53.580,533.58,00:08:54.690,534.69,00:00:01.110,1.11,"A1-Specific"
"Head-FeedbackType","",00:14:07.030,847.03,00:14:07.720,847.72,00:00:00.690,0.69,"A1-Specific"
"Head-FeedbackType","",00:14:08.310,848.31,00:14:08.920,848.92,00:00:00.610,0.61,"A1-Specific"
"Head-FeedbackType","",00:15:18.580,918.58,00:15:19.060,919.06,00:00:00.480,0.48,"A1-Generic"
"A1-MouthFeedbackType","Adult1",00:10:37.500,637.5,00:10:42.020,642.02,00:00:04.520,4.52,"Specific"
"A1-MouthFeedbackType","Adult1",00:11:49.900,709.9,00:11:52.150,712.15,00:00:02.250,2.25,"Generic"
"A1-MouthFeedbackType","Adult1",00:11:52.160,712.16,00:11:54.990,714.99,00:00:02.830,2.83,"Generic"
"A1-MouthFeedbackType","Adult1",00:12:20.280,740.28,00:12:24.250,744.25,00:00:03.970,3.97,"Generic"
"A1-MouthFeedbackType","Adult1",00:12:24.680,744.68,00:12:26.120,746.12,00:00:01.440,1.44,"Generic"
"A1-MouthFeedbackType","Adult1",00:14:12.920,852.92,00:14:14.400,854.4,00:00:01.480,1.48,"Specific"
"A2-MouthFeedbackType","Adult2",00:00:04.030,4.03,00:00:05.160,5.16,00:00:01.130,1.13,"Specific"
"A2-MouthFeedbackType","Adult2",00:00:25.000,25.0,00:00:32.320,32.32,00:00:07.320,7.32,"Generic"
"A2-MouthFeedbackType","Adult2",00:02:17.960,137.96,00:02:18.800,138.8,00:00:00.840,0.84,"Specific"
"A2-MouthFeedbackType","Adult2",00:02:18.800,138.8,00:02:23.670,143.67,00:00:04.870,4.87,"Generic"
"A2-MouthFeedbackType","Adult2",00:02:28.890,148.89,00:02:31.510,151.51,00:00:02.620,2.62,"Generic"
"A2-MouthFeedbackType","Adult2",00:02:39.930,159.93,00:02:45.840,165.84,00:00:05.910,5.91,"Generic"
"A2-MouthFeedbackType","Adult2",00:02:55.200,175.2,00:03:01.230,181.23,00:00:06.030,6.03,"Generic"
"A2-MouthFeedbackType","Adult2",00:03:08.690,188.69,00:03:17.000,197.0,00:00:08.310,8.31,"Generic"
"A2-MouthFeedbackType","Adult2",00:03:19.100,199.1,00:03:20.090,200.09,00:00:00.990,0.99,"Generic"
"A2-MouthFeedbackType","Adult2",00:03:28.300,208.3,00:03:36.060,216.06,00:00:07.760,7.76,"Generic"
"A2-MouthFeedbackType","Adult2",00:03:36.060,216.06,00:03:38.000,218.0,00:00:01.940,1.94,"Specific"
"A2-MouthFeedbackType","Adult2",00:05:06.690,306.69,00:05:09.650,309.65,00:00:02.960,2.96,"Generic"
"A2-MouthFeedbackType","Adult2",00:05:12.740,312.74,00:05:22.800,322.8,00:00:10.060,10.06,"Specific"
"A2-MouthFeedbackType","Adult2",00:06:06.000,366.0,00:06:09.660,369.66,00:00:03.660,3.66,"Generic"
"A2-MouthFeedbackType","Adult2",00:06:12.220,372.22,00:06:19.680,379.68,00:00:07.460,7.46,"Generic"
"A2-MouthFeedbackType","Adult2",00:09:13.670,553.67,00:09:16.190,556.19,00:00:02.520,2.52,"Specific"
"A2-MouthFeedbackType","Adult2",00:10:37.310,637.31,00:10:37.620,637.62,00:00:00.310,0.31,"Specific"
"A2-MouthFeedbackType","Adult2",00:10:37.630,637.63,00:10:42.830,642.83,00:00:05.200,5.2,"Specific"
"A2-MouthFeedbackType","Adult2",00:12:34.390,754.39,00:12:37.980,757.98,00:00:03.590,3.59,"Generic"
"A2-MouthFeedbackType","Adult2",00:12:55.318,775.318,00:12:56.966,776.966,00:00:01.648,1.648,"Specific"
"A2-MouthFeedbackType","Adult2",00:14:08.490,848.49,00:14:13.510,853.51,00:00:05.020,5.02,"Specific"
"A2-MouthFeedbackType","Adult2",00:15:29.410,929.41,00:15:33.460,933.46,00:00:04.050,4.05,"Specific"
"A2-MouthFeedbackType","Adult2",00:15:34.700,934.7,00:15:41.990,941.99,00:00:07.290,7.29,"Specific"
"A2-MouthFeedbackType","Adult2",00:15:41.990,941.99,00:15:44.040,944.04,00:00:02.050,2.05,"Generic"
